class,kind,selector,address,size,basic_blocks,symbol
WCLGChatPinnedHitCatcher,-,hitTest:withEvent:,0x2984c,1336,44,method.WCLGChatPinnedHitCatcher.hitTest:withEvent:
WCLGSMSBackContentView,-,initWithFrame:,0x645e4,936,3,method.WCLGSMSBackContentView.initWithFrame:
WCLGSMSBackContentView,-,updateChevron:count:,0x64b14,284,1,method.WCLGSMSBackContentView.updateChevron:count:
WCLGSMSBackContentView,-,layoutSubviews,0x64c70,1528,11,method.WCLGSMSBackContentView.layoutSubviews
WCLGSMSBackContentView,-,chevronView,0x652f0,16,1,method.WCLGSMSBackContentView.chevronView
WCLGSMSBackContentView,-,setChevronView:,0x65300,20,1,method.WCLGSMSBackContentView.setChevronView:
WCLGSMSBackContentView,-,badgeView,0x65314,16,1,method.WCLGSMSBackContentView.badgeView
WCLGSMSBackContentView,-,setBadgeView:,0x65324,20,1,method.WCLGSMSBackContentView.setBadgeView:
WCLGSMSBackContentView,-,countLabel,0x65338,16,1,method.WCLGSMSBackContentView.countLabel
WCLGSMSBackContentView,-,setCountLabel:,0x65348,20,1,method.WCLGSMSBackContentView.setCountLabel:
WCLGSMSBackContentView,-,countText,0x6535c,16,1,method.WCLGSMSBackContentView.countText
WCLGSMSBackContentView,-,setCountText:,0x6536c,12,1,method.WCLGSMSBackContentView.setCountText:
WCLGVoiceHoldRecognizer,-,wclgNoop,0x8202c,4,1,method.WCLGVoiceHoldRecognizer.wclgNoop
WCLGVoiceHoldRecognizer,-,wclgCancelHoldBlock,0x82030,140,3,method.WCLGVoiceHoldRecognizer.wclgCancelHoldBlock
WCLGVoiceHoldRecognizer,-,wclgResolvedToolView,0x820bc,460,7,method.WCLGVoiceHoldRecognizer.wclgResolvedToolView
WCLGVoiceHoldRecognizer,-,wclgMountWaveViewOnToolView:,0x822a8,2448,39,method.WCLGVoiceHoldRecognizer.wclgMountWaveViewOnToolView:
WCLGVoiceHoldRecognizer,-,wclgMountHintAboveInputWithAnchor:toolView:,0x8309c,1040,14,method.WCLGVoiceHoldRecognizer.wclgMountHintAboveInputWithAnchor:toolView:
WCLGVoiceHoldRecognizer,-,wclgTeardownWaveView,0x83910,720,14,method.WCLGVoiceHoldRecognizer.wclgTeardownWaveView
WCLGVoiceHoldRecognizer,-,wclgUpdateWaveStatusForTouches:,0x83c1c,1028,12,method.WCLGVoiceHoldRecognizer.wclgUpdateWaveStatusForTouches:
WCLGVoiceHoldRecognizer,-,wclgBeginRecording,0x840b4,392,5,method.WCLGVoiceHoldRecognizer.wclgBeginRecording
WCLGVoiceHoldRecognizer,-,touchesBegan:withEvent:,0x842f0,816,19,method.WCLGVoiceHoldRecognizer.touchesBegan:withEvent:
WCLGVoiceHoldRecognizer,-,touchesMoved:withEvent:,0x84734,312,5,method.WCLGVoiceHoldRecognizer.touchesMoved:withEvent:
WCLGVoiceHoldRecognizer,-,touchesEnded:withEvent:,0x848b8,424,6,method.WCLGVoiceHoldRecognizer.touchesEnded:withEvent:
WCLGVoiceHoldRecognizer,-,touchesCancelled:withEvent:,0x84ab8,376,6,method.WCLGVoiceHoldRecognizer.touchesCancelled:withEvent:
WCLGVoiceHoldRecognizer,-,reset,0x84c7c,220,4,method.WCLGVoiceHoldRecognizer.reset
WCLGVoiceHoldRecognizer,-,toolView,0x84d58,32,1,method.WCLGVoiceHoldRecognizer.toolView
WCLGVoiceHoldRecognizer,-,setToolView:,0x84d78,20,1,method.WCLGVoiceHoldRecognizer.setToolView:
WCLGVoiceHoldRecognizer,-,recording,0x84d8c,16,1,method.WCLGVoiceHoldRecognizer.recording
WCLGVoiceHoldRecognizer,-,setRecording:,0x84d9c,16,1,method.WCLGVoiceHoldRecognizer.setRecording:
WCLGVoiceHoldRecognizer,-,pendingTouches,0x84dac,16,1,method.WCLGVoiceHoldRecognizer.pendingTouches
WCLGVoiceHoldRecognizer,-,setPendingTouches:,0x84dbc,20,1,method.WCLGVoiceHoldRecognizer.setPendingTouches:
WCLGVoiceHoldRecognizer,-,pendingEvent,0x84dd0,16,1,method.WCLGVoiceHoldRecognizer.pendingEvent
WCLGVoiceHoldRecognizer,-,setPendingEvent:,0x84de0,20,1,method.WCLGVoiceHoldRecognizer.setPendingEvent:
WCLGVoiceHoldRecognizer,-,holdBlock,0x84df4,16,1,method.WCLGVoiceHoldRecognizer.holdBlock
WCLGVoiceHoldRecognizer,-,setHoldBlock:,0x84e04,12,1,method.WCLGVoiceHoldRecognizer.setHoldBlock:
WCLGVoiceHoldRecognizer,-,waveView,0x84e10,16,1,method.WCLGVoiceHoldRecognizer.waveView
WCLGVoiceHoldRecognizer,-,setWaveView:,0x84e20,20,1,method.WCLGVoiceHoldRecognizer.setWaveView:
WCLGVoiceHoldRecognizer,-,dimmedTextView,0x84e34,16,1,method.WCLGVoiceHoldRecognizer.dimmedTextView
WCLGVoiceHoldRecognizer,-,setDimmedTextView:,0x84e44,20,1,method.WCLGVoiceHoldRecognizer.setDimmedTextView:
WCLGVoiceHoldRecognizer,-,savedTextColor,0x84e58,16,1,method.WCLGVoiceHoldRecognizer.savedTextColor
WCLGVoiceHoldRecognizer,-,setSavedTextColor:,0x84e68,20,1,method.WCLGVoiceHoldRecognizer.setSavedTextColor:
WCLGVoiceHoldRecognizer,-,savedTintColor,0x84e7c,16,1,method.WCLGVoiceHoldRecognizer.savedTintColor
WCLGVoiceHoldRecognizer,-,setSavedTintColor:,0x84e8c,20,1,method.WCLGVoiceHoldRecognizer.setSavedTintColor:
WCLGVoiceHoldRecognizer,-,hintFloatLabel,0x84ea0,16,1,method.WCLGVoiceHoldRecognizer.hintFloatLabel
WCLGVoiceHoldRecognizer,-,setHintFloatLabel:,0x84eb0,20,1,method.WCLGVoiceHoldRecognizer.setHintFloatLabel:
WCLGVoiceHoldRecognizer,-,waveBaseColor,0x84ec4,16,1,method.WCLGVoiceHoldRecognizer.waveBaseColor
WCLGVoiceHoldRecognizer,-,setWaveBaseColor:,0x84ed4,20,1,method.WCLGVoiceHoldRecognizer.setWaveBaseColor:
WCLGVoiceHoldRecognizer,-,waveLockColor,0x84ee8,16,1,method.WCLGVoiceHoldRecognizer.waveLockColor
WCLGVoiceHoldRecognizer,-,setWaveLockColor:,0x84ef8,16,1,method.WCLGVoiceHoldRecognizer.setWaveLockColor:
WCLGVoiceHoldRecognizer,-,startLocationInWindow,0x84f08,20,1,method.WCLGVoiceHoldRecognizer.startLocationInWindow
WCLGVoiceHoldRecognizer,-,setStartLocationInWindow:,0x84f1c,20,1,method.WCLGVoiceHoldRecognizer.setStartLocationInWindow:
WCLGAvatarPickerHandler,-,imagePickerController:didFinishPickingMediaWithInfo:,0x11a280,552,8,method.WCLGAvatarPickerHandler.imagePickerController:didFinishPickingMediaWithInfo:
WCLGAvatarPickerHandler,-,imagePickerControllerDidCancel:,0x11a50c,68,1,method.WCLGAvatarPickerHandler.imagePickerControllerDidCancel:
WCLGAvatarPickerHandler,-,wxid,0x11a550,8,1,method.WCLGAvatarPickerHandler.wxid
WCLGAvatarPickerHandler,-,setWxid:,0x11a558,8,1,method.WCLGAvatarPickerHandler.setWxid:
WCLGAvatarPickerHandler,-,onDone,0x11a560,8,1,method.WCLGAvatarPickerHandler.onDone
WCLGAvatarPickerHandler,-,setOnDone:,0x11a568,8,1,method.WCLGAvatarPickerHandler.setOnDone:
WCLGAvatarPickerHandler,-,retainSelf,0x11a570,8,1,method.WCLGAvatarPickerHandler.retainSelf
WCLGAvatarPickerHandler,-,setRetainSelf:,0x11a578,12,1,method.WCLGAvatarPickerHandler.setRetainSelf:
WCLGImageLibraryPickerViewController,-,initWithCategory:title:onPick:,0x11b3d0,392,5,method.WCLGImageLibraryPickerViewController.initWithCategory:title:onPick:
WCLGImageLibraryPickerViewController,-,viewDidLoad,0x11b558,2344,3,method.WCLGImageLibraryPickerViewController.viewDidLoad
WCLGImageLibraryPickerViewController,-,closeTapped,0x11be80,20,1,method.WCLGImageLibraryPickerViewController.closeTapped
WCLGImageLibraryPickerViewController,-,collectionView:numberOfItemsInSection:,0x11be94,76,1,sym.func.0011be94
WCLGImageLibraryPickerViewController,-,collectionView:layout:sizeForItemAtIndexPath:,0x11bee0,120,1,method.WCLGImageLibraryPickerViewController.collectionView:layout:sizeForItemAtIndexPath:
WCLGImageLibraryPickerViewController,-,collectionView:cellForItemAtIndexPath:,0x11bf58,880,7,sym.func.0011bf58
WCLGImageLibraryPickerViewController,-,collectionView:didSelectItemAtIndexPath:,0x11c2c8,456,3,method.WCLGImageLibraryPickerViewController.collectionView:didSelectItemAtIndexPath:
WCLGImageLibraryPickerViewController,-,category,0x11c4ac,16,1,method.WCLGImageLibraryPickerViewController.category
WCLGImageLibraryPickerViewController,-,setCategory:,0x11c4bc,12,1,method.WCLGImageLibraryPickerViewController.setCategory:
WCLGImageLibraryPickerViewController,-,onPick,0x11c4c8,16,1,method.WCLGImageLibraryPickerViewController.onPick
WCLGImageLibraryPickerViewController,-,setOnPick:,0x11c4d8,12,1,method.WCLGImageLibraryPickerViewController.setOnPick:
WCLGImageLibraryPickerViewController,-,items,0x11c4e4,16,1,method.WCLGImageLibraryPickerViewController.items
WCLGImageLibraryPickerViewController,-,setItems:,0x11c4f4,12,1,method.WCLGImageLibraryPickerViewController.setItems:
WCLGImageLibraryPickerViewController,-,collectionView,0x11c500,16,1,method.WCLGImageLibraryPickerViewController.collectionView
WCLGImageLibraryPickerViewController,-,setCollectionView:,0x11c510,20,1,method.WCLGImageLibraryPickerViewController.setCollectionView:
WCLGImageLibraryPickerViewController,-,emptyLabel,0x11c524,16,1,method.WCLGImageLibraryPickerViewController.emptyLabel
WCLGImageLibraryPickerViewController,-,setEmptyLabel:,0x11c534,20,1,method.WCLGImageLibraryPickerViewController.setEmptyLabel:
WCLGImageLibraryPickerViewController,-,collectionView:numberOfItemsInSection:,0x468a98,0,0,
WCLGImageLibraryPickerViewController,-,collectionView:cellForItemAtIndexPath:,0x468aa4,0,0,
WCLGChatAvatarMenuDelegate,-,contextMenuInteraction:configurationForMenuAtLocation:,0x1244ec,204,1,sym.func.001244ec
WCLGChatAvatarMenuDelegate,-,contextMenuInteraction:willEndForConfiguration:animator:,0x125d58,260,4,method.WCLGChatAvatarMenuDelegate.contextMenuInteraction:willEndForConfiguration:animator:
WCLGChatAvatarMenuDelegate,-,cell,0x125fd0,24,1,method.WCLGChatAvatarMenuDelegate.cell
WCLGChatAvatarMenuDelegate,-,setCell:,0x125fe8,12,1,method.WCLGChatAvatarMenuDelegate.setCell:
WCLGChatAvatarMenuDelegate,-,headView,0x125ff4,24,1,method.WCLGChatAvatarMenuDelegate.headView
WCLGChatAvatarMenuDelegate,-,setHeadView:,0x12600c,12,1,method.WCLGChatAvatarMenuDelegate.setHeadView:
WCLGChatAvatarMenuDelegate,-,frozenWxid,0x126018,8,1,method.WCLGChatAvatarMenuDelegate.frozenWxid
WCLGChatAvatarMenuDelegate,-,setFrozenWxid:,0x126020,8,1,method.WCLGChatAvatarMenuDelegate.setFrozenWxid:
WCLGChatAvatarMenuDelegate,-,frozenChatRoomId,0x126028,8,1,method.WCLGChatAvatarMenuDelegate.frozenChatRoomId
WCLGChatAvatarMenuDelegate,-,setFrozenChatRoomId:,0x126030,8,1,method.WCLGChatAvatarMenuDelegate.setFrozenChatRoomId:
WCLGChatAvatarMenuDelegate,-,frozenWrap,0x126038,8,1,method.WCLGChatAvatarMenuDelegate.frozenWrap
WCLGChatAvatarMenuDelegate,-,setFrozenWrap:,0x126040,12,1,method.WCLGChatAvatarMenuDelegate.setFrozenWrap:
WCLGChatAvatarMenuDelegate,-,contextMenuInteraction:configurationForMenuAtLocation:,0x468ab8,0,0,
WCLGChatBottomSMSProxySendTarget,-,wclg_smsSendTapped:,0x12a9dc,3276,44,method.WCLGChatBottomSMSProxySendTarget.wclg_smsSendTapped:
WCLGChatBottomSMSProxySendTarget,-,wclg_smsMoreTapped:,0x12b6a8,268,8,method.WCLGChatBottomSMSProxySendTarget.wclg_smsMoreTapped:
WCLGChatBottomSMSProxySendTarget,-,wclg_smsEmojiTapped:,0x12b7b4,60,1,method.WCLGChatBottomSMSProxySendTarget.wclg_smsEmojiTapped:
WCLGChatBottomSMSProxySendTarget,-,wclg_smsVoiceTapped:,0x12b838,60,1,method.WCLGChatBottomSMSProxySendTarget.wclg_smsVoiceTapped:
WCLGChatTextTarget,-,view,0x197518,24,1,method.WCLGChatTextTarget.view
WCLGChatTextTarget,-,setView:,0x197530,12,1,method.WCLGChatTextTarget.setView:
WCLGChatTextTarget,-,richText,0x19753c,8,1,method.WCLGChatTextTarget.richText
WCLGChatTextTarget,-,setRichText:,0x197544,8,1,method.WCLGChatTextTarget.setRichText:
WCLGChatTextTarget,-,explicitExternalTarget,0x19754c,8,1,method.WCLGChatTextTarget.explicitExternalTarget
WCLGChatTextTarget,-,setExplicitExternalTarget:,0x197554,8,1,method.WCLGChatTextTarget.setExplicitExternalTarget:
WCLGChatTextTarget,-,lastAppliedColor,0x19755c,8,1,method.WCLGChatTextTarget.lastAppliedColor
WCLGChatTextTarget,-,setLastAppliedColor:,0x197564,12,1,method.WCLGChatTextTarget.setLastAppliedColor:
WCLGChatTextTarget,-,originalTextColor,0x197570,8,1,method.WCLGChatTextTarget.originalTextColor
WCLGChatTextTarget,-,setOriginalTextColor:,0x197578,12,1,method.WCLGChatTextTarget.setOriginalTextColor:
WCLGChatTextTarget,-,originalRichTextColor,0x197584,8,1,method.WCLGChatTextTarget.originalRichTextColor
WCLGChatTextTarget,-,setOriginalRichTextColor:,0x19758c,12,1,method.WCLGChatTextTarget.setOriginalRichTextColor:
WCLGChatTextTarget,-,originalAttributedText,0x197598,8,1,method.WCLGChatTextTarget.originalAttributedText
WCLGChatTextTarget,-,setOriginalAttributedText:,0x1975a0,12,1,method.WCLGChatTextTarget.setOriginalAttributedText:
WCLGChatTextTarget,-,capturedLabelOriginals,0x1975ac,8,1,method.WCLGChatTextTarget.capturedLabelOriginals
WCLGChatTextTarget,-,setCapturedLabelOriginals:,0x1975b4,8,1,method.WCLGChatTextTarget.setCapturedLabelOriginals:
WCLGChatTextTarget,-,capturedRichTextOriginal,0x1975bc,8,1,method.WCLGChatTextTarget.capturedRichTextOriginal
WCLGChatTextTarget,-,setCapturedRichTextOriginal:,0x1975c4,8,1,method.WCLGChatTextTarget.setCapturedRichTextOriginal:
WCLGChatTextTarget,-,lastTextObject,0x1975cc,8,1,method.WCLGChatTextTarget.lastTextObject
WCLGChatTextTarget,-,setLastTextObject:,0x1975d4,8,1,method.WCLGChatTextTarget.setLastTextObject:
WCLGChatTextTarget,-,lastAttributedObject,0x1975dc,8,1,method.WCLGChatTextTarget.lastAttributedObject
WCLGChatTextTarget,-,setLastAttributedObject:,0x1975e4,8,1,method.WCLGChatTextTarget.setLastAttributedObject:
WCLGChatTextTarget,-,lastTextLength,0x1975ec,8,1,method.WCLGChatTextTarget.lastTextLength
WCLGChatTextTarget,-,setLastTextLength:,0x1975f4,8,1,method.WCLGChatTextTarget.setLastTextLength:
WCLGChatTextTarget,-,lastAttributedLength,0x1975fc,8,1,method.WCLGChatTextTarget.lastAttributedLength
WCLGChatTextTarget,-,setLastAttributedLength:,0x197604,8,1,method.WCLGChatTextTarget.setLastAttributedLength:
WCLGChatTextApplyState,-,init,0x19765c,108,3,method.WCLGChatTextApplyState.init
WCLGChatTextApplyState,-,viewModelToken,0x1976c8,8,1,method.WCLGChatTextApplyState.viewModelToken
WCLGChatTextApplyState,-,setViewModelToken:,0x1976d0,8,1,method.WCLGChatTextApplyState.setViewModelToken:
WCLGChatTextApplyState,-,stableIdentityHash,0x1976d8,8,1,method.WCLGChatTextApplyState.stableIdentityHash
WCLGChatTextApplyState,-,setStableIdentityHash:,0x1976e0,8,1,method.WCLGChatTextApplyState.setStableIdentityHash:
WCLGChatTextApplyState,-,identityGeneration,0x1976e8,8,1,method.WCLGChatTextApplyState.identityGeneration
WCLGChatTextApplyState,-,setIdentityGeneration:,0x1976f0,8,1,method.WCLGChatTextApplyState.setIdentityGeneration:
WCLGChatTextApplyState,-,contentGeneration,0x1976f8,8,1,method.WCLGChatTextApplyState.contentGeneration
WCLGChatTextApplyState,-,setContentGeneration:,0x197700,8,1,method.WCLGChatTextApplyState.setContentGeneration:
WCLGChatTextApplyState,-,targetGeneration,0x197708,8,1,method.WCLGChatTextApplyState.targetGeneration
WCLGChatTextApplyState,-,setTargetGeneration:,0x197710,8,1,method.WCLGChatTextApplyState.setTargetGeneration:
WCLGChatTextApplyState,-,layoutGeneration,0x197718,8,1,method.WCLGChatTextApplyState.layoutGeneration
WCLGChatTextApplyState,-,setLayoutGeneration:,0x197720,8,1,method.WCLGChatTextApplyState.setLayoutGeneration:
WCLGChatTextApplyState,-,layoutDepth,0x197728,8,1,method.WCLGChatTextApplyState.layoutDepth
WCLGChatTextApplyState,-,setLayoutDepth:,0x197730,8,1,method.WCLGChatTextApplyState.setLayoutDepth:
WCLGChatTextApplyState,-,lastAppliedLayoutGeneration,0x197738,8,1,method.WCLGChatTextApplyState.lastAppliedLayoutGeneration
WCLGChatTextApplyState,-,setLastAppliedLayoutGeneration:,0x197740,8,1,method.WCLGChatTextApplyState.setLastAppliedLayoutGeneration:
WCLGChatTextApplyState,-,lastApplySignature,0x197748,8,1,method.WCLGChatTextApplyState.lastApplySignature
WCLGChatTextApplyState,-,setLastApplySignature:,0x197750,8,1,method.WCLGChatTextApplyState.setLastApplySignature:
WCLGChatTextApplyState,-,targetStructureSignature,0x197758,8,1,method.WCLGChatTextApplyState.targetStructureSignature
WCLGChatTextApplyState,-,setTargetStructureSignature:,0x197760,8,1,method.WCLGChatTextApplyState.setTargetStructureSignature:
WCLGChatTextApplyState,-,contentSignature,0x197768,8,1,method.WCLGChatTextApplyState.contentSignature
WCLGChatTextApplyState,-,setContentSignature:,0x197770,8,1,method.WCLGChatTextApplyState.setContentSignature:
WCLGChatTextApplyState,-,nextFallbackScanLayoutGeneration,0x197778,8,1,method.WCLGChatTextApplyState.nextFallbackScanLayoutGeneration
WCLGChatTextApplyState,-,setNextFallbackScanLayoutGeneration:,0x197780,8,1,method.WCLGChatTextApplyState.setNextFallbackScanLayoutGeneration:
WCLGChatTextApplyState,-,contentView,0x197788,24,1,method.WCLGChatTextApplyState.contentView
WCLGChatTextApplyState,-,setContentView:,0x1977a0,12,1,method.WCLGChatTextApplyState.setContentView:
WCLGChatTextApplyState,-,bodyView,0x1977ac,24,1,method.WCLGChatTextApplyState.bodyView
WCLGChatTextApplyState,-,setBodyView:,0x1977c4,12,1,method.WCLGChatTextApplyState.setBodyView:
WCLGChatTextApplyState,-,targets,0x1977d0,8,1,method.WCLGChatTextApplyState.targets
WCLGChatTextApplyState,-,setTargets:,0x1977d8,8,1,method.WCLGChatTextApplyState.setTargets:
WCLGChatTextApplyState,-,resolvedColorSignature,0x1977e0,8,1,method.WCLGChatTextApplyState.resolvedColorSignature
WCLGChatTextApplyState,-,setResolvedColorSignature:,0x1977e8,8,1,method.WCLGChatTextApplyState.setResolvedColorSignature:
WCLGChatTextApplyState,-,resolvedDarkMode,0x1977f0,8,1,method.WCLGChatTextApplyState.resolvedDarkMode
WCLGChatTextApplyState,-,setResolvedDarkMode:,0x1977f8,8,1,method.WCLGChatTextApplyState.setResolvedDarkMode:
WCLGChatTextApplyState,-,resolvedOutgoing,0x197800,8,1,method.WCLGChatTextApplyState.resolvedOutgoing
WCLGChatTextApplyState,-,setResolvedOutgoing:,0x197808,8,1,method.WCLGChatTextApplyState.setResolvedOutgoing:
WCLGChatTextApplyState,-,resolvedPayment,0x197810,8,1,method.WCLGChatTextApplyState.resolvedPayment
WCLGChatTextApplyState,-,setResolvedPayment:,0x197818,8,1,method.WCLGChatTextApplyState.setResolvedPayment:
WCLGChatTextApplyState,-,resolvedColor,0x197820,8,1,method.WCLGChatTextApplyState.resolvedColor
WCLGChatTextApplyState,-,setResolvedColor:,0x197828,12,1,method.WCLGChatTextApplyState.setResolvedColor:
WCLGBubbleFlushDriver,+,shared,0x1a99b4,48,3,method.class.WCLGBubbleFlushDriver.shared
WCLGBubbleFlushDriver,-,kick,0x1a9a18,292,3,method.WCLGBubbleFlushDriver.kick
WCLGBubbleFlushDriver,-,tick:,0x1a9b3c,1632,41,method.WCLGBubbleFlushDriver.tick:
WCLGBubbleFlushDriver,-,link,0x1aa19c,8,1,method.WCLGBubbleFlushDriver.link
WCLGBubbleFlushDriver,-,setLink:,0x1aa1a4,12,1,method.WCLGBubbleFlushDriver.setLink:
WCLGNativeProfileTitleHitView,-,initWithFrame:,0x1db6c0,96,3,method.WCLGNativeProfileTitleHitView.initWithFrame:
WCLGNativeProfileTitleHitView,-,pointInside:withEvent:,0x1db720,352,7,method.WCLGNativeProfileTitleHitView.pointInside:withEvent:
WCLGNativeProfileTitleHitView,-,wclgHitRect,0x1db880,24,1,method.WCLGNativeProfileTitleHitView.wclgHitRect
WCLGNativeProfileTitleHitView,-,setWclgHitRect:,0x1db898,24,1,method.WCLGNativeProfileTitleHitView.setWclgHitRect:
WCLGNativeProfileTitleHitView,-,wclgCircularHitTest,0x1db8b0,16,1,method.WCLGNativeProfileTitleHitView.wclgCircularHitTest
WCLGNativeProfileTitleHitView,-,setWclgCircularHitTest:,0x1db8c0,16,1,method.WCLGNativeProfileTitleHitView.setWclgCircularHitTest:
WCLGNativeProfileTitleTapTarget,-,wclg_nativeProfileTitleTapped:,0x1db8d0,5820,47,method.WCLGNativeProfileTitleTapTarget.wclg_nativeProfileTitleTapped:
WCLGNativeProfileTitleTapTarget,-,controller,0x1dcf8c,8,1,method.WCLGNativeProfileTitleTapTarget.controller
WCLGNativeProfileTitleTapTarget,-,setController:,0x1dcf94,8,1,method.WCLGNativeProfileTitleTapTarget.setController:
WCLGCapsuleSearchGestureTarget,+,shared,0x21651c,116,3,method.class.WCLGCapsuleSearchGestureTarget.shared
WCLGCapsuleSearchGestureTarget,-,handleLongPress:,0x2165b8,468,13,method.WCLGCapsuleSearchGestureTarget.handleLongPress:
WCLGChatTopCapsuleHostView,-,initWithFrame:,0x225e8c,1372,5,method.WCLGChatTopCapsuleHostView.initWithFrame:
WCLGChatTopCapsuleHostView,-,setAvatarView:,0x2263e8,156,5,method.WCLGChatTopCapsuleHostView.setAvatarView:
WCLGChatTopCapsuleHostView,-,layoutSubviews,0x226484,1172,22,method.WCLGChatTopCapsuleHostView.layoutSubviews
WCLGChatTopCapsuleHostView,-,wclg_handleTap,0x226918,492,13,method.WCLGChatTopCapsuleHostView.wclg_handleTap
WCLGChatTopCapsuleHostView,-,cachedTitle,0x226b04,16,1,method.WCLGChatTopCapsuleHostView.cachedTitle
WCLGChatTopCapsuleHostView,-,setCachedTitle:,0x226b14,12,1,method.WCLGChatTopCapsuleHostView.setCachedTitle:
WCLGChatTopCapsuleHostView,-,titleLabel,0x226b20,16,1,method.WCLGChatTopCapsuleHostView.titleLabel
WCLGChatTopCapsuleHostView,-,setTitleLabel:,0x226b30,20,1,method.WCLGChatTopCapsuleHostView.setTitleLabel:
WCLGChatTopCapsuleHostView,-,subtitleLabel,0x226b44,16,1,method.WCLGChatTopCapsuleHostView.subtitleLabel
WCLGChatTopCapsuleHostView,-,setSubtitleLabel:,0x226b54,20,1,method.WCLGChatTopCapsuleHostView.setSubtitleLabel:
WCLGChatTopCapsuleHostView,-,subtitleIconView,0x226b68,16,1,method.WCLGChatTopCapsuleHostView.subtitleIconView
WCLGChatTopCapsuleHostView,-,setSubtitleIconView:,0x226b78,20,1,method.WCLGChatTopCapsuleHostView.setSubtitleIconView:
WCLGChatTopCapsuleHostView,-,avatarView,0x226b8c,16,1,method.WCLGChatTopCapsuleHostView.avatarView
WCLGChatTopCapsuleHostView,-,controller,0x226b9c,32,1,method.WCLGChatTopCapsuleHostView.controller
WCLGChatTopCapsuleHostView,-,setController:,0x226bbc,20,1,method.WCLGChatTopCapsuleHostView.setController:
WCLGChatTopCapsuleHostView,-,avatarOnLeft,0x226bd0,16,1,method.WCLGChatTopCapsuleHostView.avatarOnLeft
WCLGChatTopCapsuleHostView,-,setAvatarOnLeft:,0x226be0,16,1,method.WCLGChatTopCapsuleHostView.setAvatarOnLeft:
WCLGChatTopFadeOverlayHost,-,initWithFrame:,0x229d60,772,5,method.WCLGChatTopFadeOverlayHost.initWithFrame:
WCLGChatTopFadeOverlayHost,-,layoutSubviews,0x22a064,432,3,method.WCLGChatTopFadeOverlayHost.layoutSubviews
WCLGChatTopFadeOverlayHost,-,scrollView,0x22a388,32,1,method.WCLGChatTopFadeOverlayHost.scrollView
WCLGChatTopFadeOverlayHost,-,setScrollView:,0x22a3a8,20,1,method.WCLGChatTopFadeOverlayHost.setScrollView:
WCLGChatTopFadeOverlayHost,-,overlayMode,0x22a3bc,16,1,method.WCLGChatTopFadeOverlayHost.overlayMode
WCLGChatTopFadeOverlayHost,-,setOverlayMode:,0x22a3cc,16,1,method.WCLGChatTopFadeOverlayHost.setOverlayMode:
WCLGChatTopFadeOverlayHost,-,edgeView,0x22a3dc,16,1,method.WCLGChatTopFadeOverlayHost.edgeView
WCLGChatTopFadeOverlayHost,-,setEdgeView:,0x22a3ec,20,1,method.WCLGChatTopFadeOverlayHost.setEdgeView:
WCLGChatBottomFadeOverlayHost,-,initWithFrame:,0x22a43c,840,5,method.WCLGChatBottomFadeOverlayHost.initWithFrame:
WCLGChatBottomFadeOverlayHost,-,layoutSubviews,0x22a784,432,3,method.WCLGChatBottomFadeOverlayHost.layoutSubviews
WCLGChatBottomFadeOverlayHost,-,scrollView,0x22a934,32,1,method.WCLGChatBottomFadeOverlayHost.scrollView
WCLGChatBottomFadeOverlayHost,-,setScrollView:,0x22a954,20,1,method.WCLGChatBottomFadeOverlayHost.setScrollView:
WCLGChatBottomFadeOverlayHost,-,edgeView,0x22a968,16,1,method.WCLGChatBottomFadeOverlayHost.edgeView
WCLGChatBottomFadeOverlayHost,-,setEdgeView:,0x22a978,20,1,method.WCLGChatBottomFadeOverlayHost.setEdgeView:
WCLGChatBottomFadeOverlayHost,-,configuredBlurRadius,0x22a98c,16,1,method.WCLGChatBottomFadeOverlayHost.configuredBlurRadius
WCLGChatBottomFadeOverlayHost,-,setConfiguredBlurRadius:,0x22a99c,16,1,method.WCLGChatBottomFadeOverlayHost.setConfiguredBlurRadius:
WCLGChatTopMorphMenuView,-,initWithFrame:,0x231770,1872,12,method.WCLGChatTopMorphMenuView.initWithFrame:
WCLGChatTopMorphMenuView,-,layoutSubviews,0x231ec0,208,1,method.WCLGChatTopMorphMenuView.layoutSubviews
WCLGChatTopMorphMenuView,-,reloadRows,0x231f90,2284,27,method.WCLGChatTopMorphMenuView.reloadRows
WCLGChatTopMorphMenuView,-,handleMenuTap:,0x233bf8,220,5,method.WCLGChatTopMorphMenuView.handleMenuTap:
WCLGChatTopMorphMenuView,-,setHighlightedIndex:,0x233cd4,652,13,method.WCLGChatTopMorphMenuView.setHighlightedIndex:
WCLGChatTopMorphMenuView,-,indexForPoint:,0x233f60,300,9,method.WCLGChatTopMorphMenuView.indexForPoint:
WCLGChatTopMorphMenuView,-,controller,0x23408c,32,1,method.WCLGChatTopMorphMenuView.controller
WCLGChatTopMorphMenuView,-,setController:,0x2340ac,20,1,method.WCLGChatTopMorphMenuView.setController:
WCLGChatTopMorphMenuView,-,isGroup,0x2340c0,16,1,method.WCLGChatTopMorphMenuView.isGroup
WCLGChatTopMorphMenuView,-,setIsGroup:,0x2340d0,16,1,method.WCLGChatTopMorphMenuView.setIsGroup:
WCLGChatTopMorphMenuView,-,highlightedIndex,0x2340e0,16,1,method.WCLGChatTopMorphMenuView.highlightedIndex
WCLGChatTopMorphMenuView,-,selectionHandler,0x2340f0,16,1,method.WCLGChatTopMorphMenuView.selectionHandler
WCLGChatTopMorphMenuView,-,setSelectionHandler:,0x234100,12,1,method.WCLGChatTopMorphMenuView.setSelectionHandler:
WCLGChatTopMorphMenuView,-,effectView,0x23410c,16,1,method.WCLGChatTopMorphMenuView.effectView
WCLGChatTopMorphMenuView,-,setEffectView:,0x23411c,20,1,method.WCLGChatTopMorphMenuView.setEffectView:
WCLGChatTopMorphMenuView,-,rowViews,0x234130,16,1,method.WCLGChatTopMorphMenuView.rowViews
WCLGChatTopMorphMenuView,-,setRowViews:,0x234140,20,1,method.WCLGChatTopMorphMenuView.setRowViews:
WCLGChatTopAvatarOverlayView,-,layoutSubviews,0x2343d4,248,1,method.WCLGChatTopAvatarOverlayView.layoutSubviews
WCLGChatTopMorphHostView,-,initWithFrame:,0x2344cc,988,5,method.WCLGChatTopMorphHostView.initWithFrame:
WCLGChatTopMorphHostView,-,updateChrome,0x2348a8,1644,14,method.WCLGChatTopMorphHostView.updateChrome
WCLGChatTopMorphHostView,-,layoutSubviews,0x235148,772,7,method.WCLGChatTopMorphHostView.layoutSubviews
WCLGChatTopMorphHostView,-,traitCollectionDidChange:,0x23544c,176,3,method.WCLGChatTopMorphHostView.traitCollectionDidChange:
WCLGChatTopMorphHostView,-,handleTap:,0x2354fc,240,7,method.WCLGChatTopMorphHostView.handleTap:
WCLGChatTopMorphHostView,-,menuContainerView,0x235ab8,224,4,method.WCLGChatTopMorphHostView.menuContainerView
WCLGChatTopMorphHostView,-,showMenuFromHost,0x235b98,968,5,method.WCLGChatTopMorphHostView.showMenuFromHost
WCLGChatTopMorphHostView,-,hideMenu,0x23608c,352,3,method.WCLGChatTopMorphHostView.hideMenu
WCLGChatTopMorphHostView,-,handleLongPress:,0x23626c,600,17,method.WCLGChatTopMorphHostView.handleLongPress:
WCLGChatTopMorphHostView,-,controller,0x2364c4,32,1,method.WCLGChatTopMorphHostView.controller
WCLGChatTopMorphHostView,-,setController:,0x2364e4,20,1,method.WCLGChatTopMorphHostView.setController:
WCLGChatTopMorphHostView,-,avatarOnlyMode,0x2364f8,16,1,method.WCLGChatTopMorphHostView.avatarOnlyMode
WCLGChatTopMorphHostView,-,setAvatarOnlyMode:,0x236508,16,1,method.WCLGChatTopMorphHostView.setAvatarOnlyMode:
WCLGChatTopMorphHostView,-,cachedAvatarImage,0x236518,16,1,method.WCLGChatTopMorphHostView.cachedAvatarImage
WCLGChatTopMorphHostView,-,setCachedAvatarImage:,0x236528,20,1,method.WCLGChatTopMorphHostView.setCachedAvatarImage:
WCLGChatTopMorphHostView,-,cachedAvatarToken,0x23653c,16,1,method.WCLGChatTopMorphHostView.cachedAvatarToken
WCLGChatTopMorphHostView,-,setCachedAvatarToken:,0x23654c,16,1,method.WCLGChatTopMorphHostView.setCachedAvatarToken:
WCLGChatTopMorphHostView,-,isGroup,0x23655c,16,1,method.WCLGChatTopMorphHostView.isGroup
WCLGChatTopMorphHostView,-,setIsGroup:,0x23656c,16,1,method.WCLGChatTopMorphHostView.setIsGroup:
WCLGChatTopMorphHostView,-,defaultAction,0x23657c,16,1,method.WCLGChatTopMorphHostView.defaultAction
WCLGChatTopMorphHostView,-,setDefaultAction:,0x23658c,16,1,method.WCLGChatTopMorphHostView.setDefaultAction:
WCLGChatTopMorphHostView,-,ready,0x23659c,16,1,method.WCLGChatTopMorphHostView.ready
WCLGChatTopMorphHostView,-,setReady:,0x2365ac,16,1,method.WCLGChatTopMorphHostView.setReady:
WCLGChatTopMorphHostView,-,iconView,0x2365bc,16,1,method.WCLGChatTopMorphHostView.iconView
WCLGChatTopMorphHostView,-,setIconView:,0x2365cc,20,1,method.WCLGChatTopMorphHostView.setIconView:
WCLGChatTopMorphHostView,-,menuView,0x2365e0,16,1,method.WCLGChatTopMorphHostView.menuView
WCLGChatTopMorphHostView,-,setMenuView:,0x2365f0,20,1,method.WCLGChatTopMorphHostView.setMenuView:
WCLGChatTopMorphHostView,-,menuVisible,0x236604,16,1,method.WCLGChatTopMorphHostView.menuVisible
WCLGChatTopMorphHostView,-,setMenuVisible:,0x236614,16,1,method.WCLGChatTopMorphHostView.setMenuVisible:
WCLGChatTopMorphHostView,-,longPressActive,0x236624,16,1,method.WCLGChatTopMorphHostView.longPressActive
WCLGChatTopMorphHostView,-,setLongPressActive:,0x236634,16,1,method.WCLGChatTopMorphHostView.setLongPressActive:
WCLGCodeLibraryEntry,-,entryId,0x23f590,8,1,method.WCLGCodeLibraryEntry.entryId
WCLGCodeLibraryEntry,-,setEntryId:,0x23f598,8,1,method.WCLGCodeLibraryEntry.setEntryId:
WCLGCodeLibraryEntry,-,name,0x23f5a0,8,1,method.WCLGCodeLibraryEntry.name
WCLGCodeLibraryEntry,-,setName:,0x23f5a8,8,1,method.WCLGCodeLibraryEntry.setName:
WCLGCodeLibraryEntry,-,charCount,0x23f5b0,8,1,method.WCLGCodeLibraryEntry.charCount
WCLGCodeLibraryEntry,-,setCharCount:,0x23f5b8,8,1,method.WCLGCodeLibraryEntry.setCharCount:
WCLGCodeLibraryEntry,-,createdAt,0x23f5c0,8,1,method.WCLGCodeLibraryEntry.createdAt
WCLGCodeLibraryEntry,-,setCreatedAt:,0x23f5c8,12,1,method.WCLGCodeLibraryEntry.setCreatedAt:
WCLGCodeLibraryViewController,-,initWithApplyHandler:onChange:,0x243770,260,3,method.WCLGCodeLibraryViewController.initWithApplyHandler:onChange:
WCLGCodeLibraryViewController,-,viewDidLoad,0x243874,2708,5,method.WCLGCodeLibraryViewController.viewDidLoad
WCLGCodeLibraryViewController,-,viewWillAppear:,0x244308,448,7,method.WCLGCodeLibraryViewController.viewWillAppear:
WCLGCodeLibraryViewController,-,viewWillDisappear:,0x2444c8,116,1,method.WCLGCodeLibraryViewController.viewWillDisappear:
WCLGCodeLibraryViewController,-,reloadEntries,0x24453c,2212,18,method.WCLGCodeLibraryViewController.reloadEntries
WCLGCodeLibraryViewController,-,notifyChange,0x244de0,124,3,method.WCLGCodeLibraryViewController.notifyChange
WCLGCodeLibraryViewController,+,dateFormatter,0x244e5c,48,3,method.class.WCLGCodeLibraryViewController.dateFormatter
WCLGCodeLibraryViewController,-,toggleEditingTapped,0x2450a8,92,1,method.WCLGCodeLibraryViewController.toggleEditingTapped
WCLGCodeLibraryViewController,-,setEditing:animated:,0x245104,504,3,method.WCLGCodeLibraryViewController.setEditing:animated:
WCLGCodeLibraryViewController,-,updateToolbarState,0x2452fc,904,8,method.WCLGCodeLibraryViewController.updateToolbarState
WCLGCodeLibraryViewController,-,selectAllTapped,0x245684,392,7,method.WCLGCodeLibraryViewController.selectAllTapped
WCLGCodeLibraryViewController,-,deleteSelectedTapped,0x24580c,1604,19,method.WCLGCodeLibraryViewController.deleteSelectedTapped
WCLGCodeLibraryViewController,-,clearAllTapped,0x245ed0,1000,5,method.WCLGCodeLibraryViewController.clearAllTapped
WCLGCodeLibraryViewController,-,closeTapped,0x2463b4,20,1,method.WCLGCodeLibraryViewController.closeTapped
WCLGCodeLibraryViewController,-,applyEntryAtRow:,0x2463c8,776,14,method.WCLGCodeLibraryViewController.applyEntryAtRow:
WCLGCodeLibraryViewController,-,presentRenameForRow:,0x2466d0,904,6,method.WCLGCodeLibraryViewController.presentRenameForRow:
WCLGCodeLibraryViewController,-,deleteEntryAtRow:,0x246c70,1132,11,method.WCLGCodeLibraryViewController.deleteEntryAtRow:
WCLGCodeLibraryViewController,-,addTapped,0x247184,980,6,method.WCLGCodeLibraryViewController.addTapped
WCLGCodeLibraryViewController,-,saveCurrentInUse,0x2475f4,1536,8,method.WCLGCodeLibraryViewController.saveCurrentInUse
WCLGCodeLibraryViewController,-,importFromFiles,0x247bf4,244,5,method.WCLGCodeLibraryViewController.importFromFiles
WCLGCodeLibraryViewController,-,documentPicker:didPickDocumentsAtURLs:,0x247ce8,1464,18,method.WCLGCodeLibraryViewController.documentPicker:didPickDocumentsAtURLs:
WCLGCodeLibraryViewController,-,tableView:numberOfRowsInSection:,0x2482a0,76,1,method.WCLGCodeLibraryViewController.tableView:numberOfRowsInSection:
WCLGCodeLibraryViewController,-,tableView:cellForRowAtIndexPath:,0x2482ec,2000,21,method.WCLGCodeLibraryViewController.tableView:cellForRowAtIndexPath:
WCLGCodeLibraryViewController,-,tableView:didSelectRowAtIndexPath:,0x248abc,172,4,method.WCLGCodeLibraryViewController.tableView:didSelectRowAtIndexPath:
WCLGCodeLibraryViewController,-,tableView:didDeselectRowAtIndexPath:,0x248b68,72,3,method.WCLGCodeLibraryViewController.tableView:didDeselectRowAtIndexPath:
WCLGCodeLibraryViewController,-,tableView:editingStyleForRowAtIndexPath:,0x248bb0,8,1,method.WCLGCodeLibraryViewController.tableView:editingStyleForRowAtIndexPath:
WCLGCodeLibraryViewController,-,tableView:canEditRowAtIndexPath:,0x248bb8,8,1,method.WCLGCodeLibraryViewController.tableView:canEditRowAtIndexPath:
WCLGCodeLibraryViewController,-,tableView:canMoveRowAtIndexPath:,0x248bc0,8,1,method.WCLGCodeLibraryViewController.tableView:canMoveRowAtIndexPath:
WCLGCodeLibraryViewController,-,tableView:moveRowAtIndexPath:toIndexPath:,0x248bc8,788,16,method.WCLGCodeLibraryViewController.tableView:moveRowAtIndexPath:toIndexPath:
WCLGCodeLibraryViewController,-,tableView:contextMenuConfigurationForRowAtIndexPath:point:,0x248edc,388,6,method.WCLGCodeLibraryViewController.tableView:contextMenuConfigurationForRowAtIndexPath:point:
WCLGCodeLibraryViewController,-,tableView:titleForFooterInSection:,0x2495a4,840,3,method.WCLGCodeLibraryViewController.tableView:titleForFooterInSection:
WCLGCodeLibraryViewController,-,onApply,0x2498ec,16,1,method.WCLGCodeLibraryViewController.onApply
WCLGCodeLibraryViewController,-,setOnApply:,0x2498fc,12,1,method.WCLGCodeLibraryViewController.setOnApply:
WCLGCodeLibraryViewController,-,onChange,0x249908,16,1,method.WCLGCodeLibraryViewController.onChange
WCLGCodeLibraryViewController,-,setOnChange:,0x249918,12,1,method.WCLGCodeLibraryViewController.setOnChange:
WCLGCodeLibraryViewController,-,entries,0x249924,16,1,method.WCLGCodeLibraryViewController.entries
WCLGCodeLibraryViewController,-,setEntries:,0x249934,20,1,method.WCLGCodeLibraryViewController.setEntries:
WCLGCodeLibraryViewController,-,activeEntryId,0x249948,16,1,method.WCLGCodeLibraryViewController.activeEntryId
WCLGCodeLibraryViewController,-,setActiveEntryId:,0x249958,12,1,method.WCLGCodeLibraryViewController.setActiveEntryId:
WCLGCodeLibraryViewController,-,addButton,0x249964,16,1,method.WCLGCodeLibraryViewController.addButton
WCLGCodeLibraryViewController,-,setAddButton:,0x249974,20,1,method.WCLGCodeLibraryViewController.setAddButton:
WCLGCodeLibraryViewController,-,selectButton,0x249988,16,1,method.WCLGCodeLibraryViewController.selectButton
WCLGCodeLibraryViewController,-,setSelectButton:,0x249998,20,1,method.WCLGCodeLibraryViewController.setSelectButton:
WCLGCodeLibraryViewController,-,selectAllButton,0x2499ac,16,1,method.WCLGCodeLibraryViewController.selectAllButton
WCLGCodeLibraryViewController,-,setSelectAllButton:,0x2499bc,20,1,method.WCLGCodeLibraryViewController.setSelectAllButton:
WCLGCodeLibraryViewController,-,clearAllButton,0x2499d0,16,1,method.WCLGCodeLibraryViewController.clearAllButton
WCLGCodeLibraryViewController,-,setClearAllButton:,0x2499e0,20,1,method.WCLGCodeLibraryViewController.setClearAllButton:
WCLGCodeLibraryViewController,-,deleteButton,0x2499f4,16,1,method.WCLGCodeLibraryViewController.deleteButton
WCLGCodeLibraryViewController,-,setDeleteButton:,0x249a04,20,1,method.WCLGCodeLibraryViewController.setDeleteButton:
WCLGCodeLibraryViewController,-,emptyLabel,0x249a18,16,1,method.WCLGCodeLibraryViewController.emptyLabel
WCLGCodeLibraryViewController,-,setEmptyLabel:,0x249a28,20,1,method.WCLGCodeLibraryViewController.setEmptyLabel:
WCLGColorPickerBackgroundView,+,layerClass,0x249b1c,368,11,method.class.WCLGColorPickerBackgroundView.layerClass
WCLGColorPickerBackgroundView,-,layoutSubviews,0x249c8c,1096,13,method.WCLGColorPickerBackgroundView.layoutSubviews
WCLGColorCanvasView,-,initWithFrame:,0x24a0d4,1180,10,method.WCLGColorCanvasView.initWithFrame:
WCLGColorCanvasView,-,setHue:,0x24a570,184,1,method.WCLGColorCanvasView.setHue:
WCLGColorCanvasView,-,layoutSubviews,0x24a628,960,11,method.WCLGColorCanvasView.layoutSubviews
WCLGColorCanvasView,-,hueLayer,0x24a9e8,16,1,method.WCLGColorCanvasView.hueLayer
WCLGColorCanvasView,-,setHueLayer:,0x24a9f8,20,1,method.WCLGColorCanvasView.setHueLayer:
WCLGColorCanvasView,-,whiteLayer,0x24aa0c,304,11,method.WCLGColorCanvasView.whiteLayer
WCLGColorCanvasView,-,setWhiteLayer:,0x24ab3c,20,1,method.WCLGColorCanvasView.setWhiteLayer:
WCLGColorCanvasView,-,blackLayer,0x24ab50,16,1,method.WCLGColorCanvasView.blackLayer
WCLGColorCanvasView,-,setBlackLayer:,0x24ab60,20,1,method.WCLGColorCanvasView.setBlackLayer:
WCLGColorCanvasView,-,hue,0x24ab74,16,1,method.WCLGColorCanvasView.hue
WCLGHueBarView,+,layerClass,0x24abd8,384,11,method.class.WCLGHueBarView.layerClass
WCLGHueBarView,-,initWithFrame:,0x24ad58,664,15,method.WCLGHueBarView.initWithFrame:
WCLGHueBarView,-,layoutSubviews,0x24aff0,2128,13,method.WCLGHueBarView.layoutSubviews
WCLGColorPickerViewController,-,initOutgoing:handler:,0x24b840,16,1,method.WCLGColorPickerViewController.initOutgoing:handler:
WCLGColorPickerViewController,-,initPurpose:handler:,0x24b850,312,8,method.WCLGColorPickerViewController.initPurpose:handler:
WCLGColorPickerViewController,-,initPurpose:lightMode:darkMode:handler:,0x24b988,600,15,method.WCLGColorPickerViewController.initPurpose:lightMode:darkMode:handler:
WCLGColorPickerViewController,-,initSMSBottomBarIconLightMode:darkMode:handler:,0x24bbe0,28,1,method.WCLGColorPickerViewController.initSMSBottomBarIconLightMode:darkMode:handler:
WCLGColorPickerViewController,-,initTitle:initialMode:handler:,0x24bbfc,400,8,method.WCLGColorPickerViewController.initTitle:initialMode:handler:
WCLGColorPickerViewController,-,initTitle:lightMode:darkMode:handler:,0x24bd8c,428,8,method.WCLGColorPickerViewController.initTitle:lightMode:darkMode:handler:
WCLGColorPickerViewController,-,isDarkMode,0x24bf38,80,1,method.WCLGColorPickerViewController.isDarkMode
WCLGColorPickerViewController,-,titleForPurpose,0x24bf88,3880,121,method.WCLGColorPickerViewController.titleForPurpose
WCLGColorPickerViewController,-,currentMode,0x24ceb0,3184,124,method.WCLGColorPickerViewController.currentMode
WCLGColorPickerViewController,-,componentsForMode:red:green:blue:alpha:,0x24db20,6148,211,method.WCLGColorPickerViewController.componentsForMode:red:green:blue:alpha:
WCLGColorPickerViewController,-,loadCurrentColor,0x24f324,608,11,method.WCLGColorPickerViewController.loadCurrentColor
WCLGColorPickerViewController,-,updateHSVFromRGBPreservingHue:,0x24f584,1056,15,method.WCLGColorPickerViewController.updateHSVFromRGBPreservingHue:
WCLGColorPickerViewController,-,updateRGBFromHSV,0x24f9a4,1084,11,method.WCLGColorPickerViewController.updateRGBFromHSV
WCLGColorPickerViewController,-,markCustomMode,0x24fde0,584,11,method.WCLGColorPickerViewController.markCustomMode
WCLGColorPickerViewController,-,storeCurrentModeForActiveAppearance,0x250028,580,15,method.WCLGColorPickerViewController.storeCurrentModeForActiveAppearance
WCLGColorPickerViewController,-,currentHexString,0x25026c,1852,30,method.WCLGColorPickerViewController.currentHexString
WCLGColorPickerViewController,-,primaryTextColor,0x2509a8,524,18,method.WCLGColorPickerViewController.primaryTextColor
WCLGColorPickerViewController,-,secondaryTextColor,0x250bb4,300,11,method.WCLGColorPickerViewController.secondaryTextColor
WCLGColorPickerViewController,-,cardColor,0x250ce0,88,1,method.WCLGColorPickerViewController.cardColor
WCLGColorPickerViewController,-,makeCard,0x250d38,556,1,method.WCLGColorPickerViewController.makeCard
WCLGColorPickerViewController,-,sectionLabelWithText:,0x250f64,256,1,method.WCLGColorPickerViewController.sectionLabelWithText:
WCLGColorPickerViewController,-,numberFieldWithTag:,0x251064,540,1,method.WCLGColorPickerViewController.numberFieldWithTag:
WCLGColorPickerViewController,-,swatchImageForColor:diameter:,0x251280,308,1,method.WCLGColorPickerViewController.swatchImageForColor:diameter:
WCLGColorPickerViewController,-,defaultPaletteModes,0x2513b4,1944,3,method.WCLGColorPickerViewController.defaultPaletteModes
WCLGColorPickerViewController,-,commonColorModes,0x251b4c,576,3,method.WCLGColorPickerViewController.commonColorModes
WCLGColorPickerViewController,-,commonColorNames,0x251d8c,1580,17,method.WCLGColorPickerViewController.commonColorNames
WCLGColorPickerViewController,-,colorForMode:,0x2523b8,108,1,method.WCLGColorPickerViewController.colorForMode:
WCLGColorPickerViewController,-,viewDidLoad,0x252424,14780,51,method.WCLGColorPickerViewController.viewDidLoad
WCLGColorPickerViewController,-,viewDidAppear:,0x255de0,196,1,method.WCLGColorPickerViewController.viewDidAppear:
WCLGColorPickerViewController,-,viewWillDisappear:,0x255ea4,564,10,method.WCLGColorPickerViewController.viewWillDisappear:
WCLGColorPickerViewController,-,viewDidLayoutSubviews,0x2560d8,464,11,method.WCLGColorPickerViewController.viewDidLayoutSubviews
WCLGColorPickerViewController,-,traitCollectionDidChange:,0x2562a8,144,1,method.WCLGColorPickerViewController.traitCollectionDidChange:
WCLGColorPickerViewController,-,refreshThemeColors,0x256338,6624,155,method.WCLGColorPickerViewController.refreshThemeColors
WCLGColorPickerViewController,-,layoutPickerViews,0x257d18,3796,23,method.WCLGColorPickerViewController.layoutPickerViews
WCLGColorPickerViewController,-,layoutPaletteButtonsWithWidth:,0x258bec,1288,18,method.WCLGColorPickerViewController.layoutPaletteButtonsWithWidth:
WCLGColorPickerViewController,-,layoutCommonRowsWithWidth:,0x2590f4,704,10,method.WCLGColorPickerViewController.layoutCommonRowsWithWidth:
WCLGColorPickerViewController,-,updateUI,0x2593b4,3968,49,method.WCLGColorPickerViewController.updateUI
WCLGColorPickerViewController,-,updateKnobFrames,0x25a334,2132,23,method.WCLGColorPickerViewController.updateKnobFrames
WCLGColorPickerViewController,-,confirmColor,0x25ab88,1876,55,method.WCLGColorPickerViewController.confirmColor
WCLGColorPickerViewController,-,appearanceSegmentChanged:,0x25b2dc,676,11,method.WCLGColorPickerViewController.appearanceSegmentChanged:
WCLGColorPickerViewController,-,applyMode:,0x25b580,160,1,method.WCLGColorPickerViewController.applyMode:
WCLGColorPickerViewController,-,channelSliderChanged:,0x25b620,764,21,method.WCLGColorPickerViewController.channelSliderChanged:
WCLGColorPickerViewController,-,canvasGestureChanged:,0x25b91c,380,1,method.WCLGColorPickerViewController.canvasGestureChanged:
WCLGColorPickerViewController,-,hueGestureChanged:,0x25ba98,268,1,method.WCLGColorPickerViewController.hueGestureChanged:
WCLGColorPickerViewController,-,paletteButtonTapped:,0x25bba4,1068,26,method.WCLGColorPickerViewController.paletteButtonTapped:
WCLGColorPickerViewController,-,commonButtonTapped:,0x25bfd0,440,11,method.WCLGColorPickerViewController.commonButtonTapped:
WCLGColorPickerViewController,-,parseHexString:red:green:blue:alpha:,0x25c188,4452,135,method.WCLGColorPickerViewController.parseHexString:red:green:blue:alpha:
WCLGColorPickerViewController,-,hexEditingDidEnd:,0x25d2ec,392,8,method.WCLGColorPickerViewController.hexEditingDidEnd:
WCLGColorPickerViewController,-,numberFieldEditingDidEnd:,0x25d474,1004,23,method.WCLGColorPickerViewController.numberFieldEditingDidEnd:
WCLGColorPickerViewController,-,textFieldShouldReturn:,0x25d860,36,1,method.WCLGColorPickerViewController.textFieldShouldReturn:
WCLGColorPickerViewController,-,outgoing,0x25d884,16,1,method.WCLGColorPickerViewController.outgoing
WCLGColorPickerViewController,-,setOutgoing:,0x25d894,292,11,method.WCLGColorPickerViewController.setOutgoing:
WCLGColorPickerViewController,-,purpose,0x25d9b8,16,1,method.WCLGColorPickerViewController.purpose
WCLGColorPickerViewController,-,setPurpose:,0x25d9c8,292,11,method.WCLGColorPickerViewController.setPurpose:
WCLGColorPickerViewController,-,selectionHandler,0x25daec,268,11,method.WCLGColorPickerViewController.selectionHandler
WCLGColorPickerViewController,-,setSelectionHandler:,0x25dbf8,12,1,method.WCLGColorPickerViewController.setSelectionHandler:
WCLGColorPickerViewController,-,dualSelectionHandler,0x25dc04,16,1,method.WCLGColorPickerViewController.dualSelectionHandler
WCLGColorPickerViewController,-,setDualSelectionHandler:,0x25dc14,12,1,method.WCLGColorPickerViewController.setDualSelectionHandler:
WCLGColorPickerViewController,-,backgroundView,0x25dc20,308,11,method.WCLGColorPickerViewController.backgroundView
WCLGColorPickerViewController,-,setBackgroundView:,0x25dd54,20,1,method.WCLGColorPickerViewController.setBackgroundView:
WCLGColorPickerViewController,-,scrollView,0x25dd68,16,1,method.WCLGColorPickerViewController.scrollView
WCLGColorPickerViewController,-,setScrollView:,0x25dd78,20,1,method.WCLGColorPickerViewController.setScrollView:
WCLGColorPickerViewController,-,contentView,0x25dd8c,16,1,method.WCLGColorPickerViewController.contentView
WCLGColorPickerViewController,-,setContentView:,0x25dd9c,360,11,method.WCLGColorPickerViewController.setContentView:
WCLGColorPickerViewController,-,pickerHeaderLabel,0x25df04,16,1,method.WCLGColorPickerViewController.pickerHeaderLabel
WCLGColorPickerViewController,-,setPickerHeaderLabel:,0x25df14,20,1,method.WCLGColorPickerViewController.setPickerHeaderLabel:
WCLGColorPickerViewController,-,paletteHeaderLabel,0x25df28,256,11,method.WCLGColorPickerViewController.paletteHeaderLabel
WCLGColorPickerViewController,-,setPaletteHeaderLabel:,0x25e028,384,11,method.WCLGColorPickerViewController.setPaletteHeaderLabel:
WCLGColorPickerViewController,-,commonHeaderLabel,0x25e1a8,268,11,method.WCLGColorPickerViewController.commonHeaderLabel
WCLGColorPickerViewController,-,setCommonHeaderLabel:,0x25e2b4,20,1,method.WCLGColorPickerViewController.setCommonHeaderLabel:
WCLGColorPickerViewController,-,controlCard,0x25e2c8,16,1,method.WCLGColorPickerViewController.controlCard
WCLGColorPickerViewController,-,setControlCard:,0x25e2d8,20,1,method.WCLGColorPickerViewController.setControlCard:
WCLGColorPickerViewController,-,paletteCard,0x25e2ec,16,1,method.WCLGColorPickerViewController.paletteCard
WCLGColorPickerViewController,-,setPaletteCard:,0x25e2fc,384,11,method.WCLGColorPickerViewController.setPaletteCard:
WCLGColorPickerViewController,-,commonCard,0x25e47c,16,1,method.WCLGColorPickerViewController.commonCard
WCLGColorPickerViewController,-,setCommonCard:,0x25e48c,360,11,method.WCLGColorPickerViewController.setCommonCard:
WCLGColorPickerViewController,-,hexLabel,0x25e5f4,16,1,method.WCLGColorPickerViewController.hexLabel
WCLGColorPickerViewController,-,setHexLabel:,0x25e604,376,11,method.WCLGColorPickerViewController.setHexLabel:
WCLGColorPickerViewController,-,hexHintLabel,0x25e77c,16,1,method.WCLGColorPickerViewController.hexHintLabel
WCLGColorPickerViewController,-,setHexHintLabel:,0x25e78c,384,11,method.WCLGColorPickerViewController.setHexHintLabel:
WCLGColorPickerViewController,-,hexField,0x25e90c,16,1,method.WCLGColorPickerViewController.hexField
WCLGColorPickerViewController,-,setHexField:,0x25e91c,20,1,method.WCLGColorPickerViewController.setHexField:
WCLGColorPickerViewController,-,previewView,0x25e930,308,11,method.WCLGColorPickerViewController.previewView
WCLGColorPickerViewController,-,setPreviewView:,0x25ea64,20,1,method.WCLGColorPickerViewController.setPreviewView:
WCLGColorPickerViewController,-,canvasView,0x25ea78,324,11,method.WCLGColorPickerViewController.canvasView
WCLGColorPickerViewController,-,setCanvasView:,0x25ebbc,384,11,method.WCLGColorPickerViewController.setCanvasView:
WCLGColorPickerViewController,-,hueBarView,0x25ed3c,292,11,method.WCLGColorPickerViewController.hueBarView
WCLGColorPickerViewController,-,setHueBarView:,0x25ee60,20,1,method.WCLGColorPickerViewController.setHueBarView:
WCLGColorPickerViewController,-,canvasKnob,0x25ee74,16,1,method.WCLGColorPickerViewController.canvasKnob
WCLGColorPickerViewController,-,setCanvasKnob:,0x25ee84,368,11,method.WCLGColorPickerViewController.setCanvasKnob:
WCLGColorPickerViewController,-,hueKnob,0x25eff4,16,1,method.WCLGColorPickerViewController.hueKnob
WCLGColorPickerViewController,-,setHueKnob:,0x25f004,20,1,method.WCLGColorPickerViewController.setHueKnob:
WCLGColorPickerViewController,-,channelLabels,0x25f018,16,1,method.WCLGColorPickerViewController.channelLabels
WCLGColorPickerViewController,-,setChannelLabels:,0x25f028,328,10,method.WCLGColorPickerViewController.setChannelLabels:
WCLGColorPickerViewController,-,channelSliders,0x25f170,16,1,method.WCLGColorPickerViewController.channelSliders
WCLGColorPickerViewController,-,setChannelSliders:,0x25f180,12,1,method.WCLGColorPickerViewController.setChannelSliders:
WCLGColorPickerViewController,-,channelFields,0x25f18c,220,10,method.WCLGColorPickerViewController.channelFields
WCLGColorPickerViewController,-,setChannelFields:,0x25f268,12,1,method.WCLGColorPickerViewController.setChannelFields:
WCLGColorPickerViewController,-,paletteScrollView,0x25f274,16,1,method.WCLGColorPickerViewController.paletteScrollView
WCLGColorPickerViewController,-,setPaletteScrollView:,0x25f284,368,11,method.WCLGColorPickerViewController.setPaletteScrollView:
WCLGColorPickerViewController,-,paletteButtons,0x25f3f4,16,1,method.WCLGColorPickerViewController.paletteButtons
WCLGColorPickerViewController,-,setPaletteButtons:,0x25f404,12,1,method.WCLGColorPickerViewController.setPaletteButtons:
WCLGColorPickerViewController,-,paletteModes,0x25f410,16,1,method.WCLGColorPickerViewController.paletteModes
WCLGColorPickerViewController,-,setPaletteModes:,0x25f420,12,1,method.WCLGColorPickerViewController.setPaletteModes:
WCLGColorPickerViewController,-,commonButtons,0x25f42c,16,1,method.WCLGColorPickerViewController.commonButtons
WCLGColorPickerViewController,-,setCommonButtons:,0x25f43c,12,1,method.WCLGColorPickerViewController.setCommonButtons:
WCLGColorPickerViewController,-,commonLabels,0x25f448,16,1,method.WCLGColorPickerViewController.commonLabels
WCLGColorPickerViewController,-,setCommonLabels:,0x25f458,12,1,method.WCLGColorPickerViewController.setCommonLabels:
WCLGColorPickerViewController,-,commonModes,0x25f464,244,10,method.WCLGColorPickerViewController.commonModes
WCLGColorPickerViewController,-,setCommonModes:,0x25f558,12,1,method.WCLGColorPickerViewController.setCommonModes:
WCLGColorPickerViewController,-,appearanceControl,0x25f564,16,1,method.WCLGColorPickerViewController.appearanceControl
WCLGColorPickerViewController,-,setAppearanceControl:,0x25f574,20,1,method.WCLGColorPickerViewController.setAppearanceControl:
WCLGColorPickerViewController,-,currentTitleLabel,0x25f588,308,11,method.WCLGColorPickerViewController.currentTitleLabel
WCLGColorPickerViewController,-,setCurrentTitleLabel:,0x25f6bc,20,1,method.WCLGColorPickerViewController.setCurrentTitleLabel:
WCLGColorPickerViewController,-,currentHexLabel,0x25f6d0,16,1,method.WCLGColorPickerViewController.currentHexLabel
WCLGColorPickerViewController,-,setCurrentHexLabel:,0x25f6e0,20,1,method.WCLGColorPickerViewController.setCurrentHexLabel:
WCLGColorPickerViewController,-,currentDot,0x25f6f4,16,1,method.WCLGColorPickerViewController.currentDot
WCLGColorPickerViewController,-,setCurrentDot:,0x25f704,20,1,method.WCLGColorPickerViewController.setCurrentDot:
WCLGColorPickerViewController,-,red,0x25f718,16,1,method.WCLGColorPickerViewController.red
WCLGColorPickerViewController,-,setRed:,0x25f728,16,1,method.WCLGColorPickerViewController.setRed:
WCLGColorPickerViewController,-,green,0x25f738,16,1,method.WCLGColorPickerViewController.green
WCLGColorPickerViewController,-,setGreen:,0x25f748,308,11,method.WCLGColorPickerViewController.setGreen:
WCLGColorPickerViewController,-,blue,0x25f87c,16,1,method.WCLGColorPickerViewController.blue
WCLGColorPickerViewController,-,setBlue:,0x25f88c,16,1,method.WCLGColorPickerViewController.setBlue:
WCLGColorPickerViewController,-,alpha,0x25f89c,16,1,method.WCLGColorPickerViewController.alpha
WCLGColorPickerViewController,-,setAlpha:,0x25f8ac,16,1,method.WCLGColorPickerViewController.setAlpha:
WCLGColorPickerViewController,-,hue,0x25f8bc,16,1,method.WCLGColorPickerViewController.hue
WCLGColorPickerViewController,-,setHue:,0x25f8cc,16,1,method.WCLGColorPickerViewController.setHue:
WCLGColorPickerViewController,-,saturation,0x25f8dc,16,1,method.WCLGColorPickerViewController.saturation
WCLGColorPickerViewController,-,setSaturation:,0x25f8ec,16,1,method.WCLGColorPickerViewController.setSaturation:
WCLGColorPickerViewController,-,brightness,0x25f8fc,296,11,method.WCLGColorPickerViewController.brightness
WCLGColorPickerViewController,-,setBrightness:,0x25fa24,308,11,method.WCLGColorPickerViewController.setBrightness:
WCLGColorPickerViewController,-,pendingMode,0x25fb58,16,1,method.WCLGColorPickerViewController.pendingMode
WCLGColorPickerViewController,-,setPendingMode:,0x25fb68,16,1,method.WCLGColorPickerViewController.setPendingMode:
WCLGColorPickerViewController,-,lightMode,0x25fb78,16,1,method.WCLGColorPickerViewController.lightMode
WCLGColorPickerViewController,-,setLightMode:,0x25fb88,16,1,method.WCLGColorPickerViewController.setLightMode:
WCLGColorPickerViewController,-,darkMode,0x25fb98,16,1,method.WCLGColorPickerViewController.darkMode
WCLGColorPickerViewController,-,setDarkMode:,0x25fba8,16,1,method.WCLGColorPickerViewController.setDarkMode:
WCLGColorPickerViewController,-,dualAppearanceMode,0x25fbb8,296,11,method.WCLGColorPickerViewController.dualAppearanceMode
WCLGColorPickerViewController,-,setDualAppearanceMode:,0x25fce0,300,11,method.WCLGColorPickerViewController.setDualAppearanceMode:
WCLGColorPickerViewController,-,editingDarkAppearance,0x25fe0c,16,1,method.WCLGColorPickerViewController.editingDarkAppearance
WCLGColorPickerViewController,-,setEditingDarkAppearance:,0x25fe1c,16,1,method.WCLGColorPickerViewController.setEditingDarkAppearance:
WCLGColorPickerViewController,-,updatingUI,0x25fe2c,16,1,method.WCLGColorPickerViewController.updatingUI
WCLGColorPickerViewController,-,setUpdatingUI:,0x25fe3c,16,1,method.WCLGColorPickerViewController.setUpdatingUI:
WCLGColorPickerViewController,-,savedPopGestureEnabled,0x25fe4c,240,10,method.WCLGColorPickerViewController.savedPopGestureEnabled
WCLGColorPickerViewController,-,setSavedPopGestureEnabled:,0x25ff3c,296,11,method.WCLGColorPickerViewController.setSavedPopGestureEnabled:
WCLGColorPickerViewController,-,explicitTitle,0x260064,16,1,method.WCLGColorPickerViewController.explicitTitle
WCLGColorPickerViewController,-,setExplicitTitle:,0x260074,356,11,method.WCLGColorPickerViewController.setExplicitTitle:
WCLGColorPickerViewController,-,hasExplicitInitialMode,0x2601d8,16,1,method.WCLGColorPickerViewController.hasExplicitInitialMode
WCLGColorPickerViewController,-,setHasExplicitInitialMode:,0x2601e8,16,1,method.WCLGColorPickerViewController.setHasExplicitInitialMode:
WCLGColorPickerViewController,-,explicitInitialMode,0x2601f8,16,1,method.WCLGColorPickerViewController.explicitInitialMode
WCLGColorPickerViewController,-,setExplicitInitialMode:,0x260208,292,11,method.WCLGColorPickerViewController.setExplicitInitialMode:
WCLGConfig,+,sharedConfig,0x265c7c,116,3,method.class.WCLGConfig.sharedConfig
WCLGConfig,-,init,0x265d18,368,3,method.WCLGConfig.init
WCLGConfig,-,dealloc,0x265e88,132,1,method.WCLGConfig.dealloc
WCLGConfig,-,primeDefaults,0x265f0c,36712,141,method.WCLGConfig.primeDefaults
WCLGConfig,-,refreshAtomicMirrors,0x26ee74,56396,9,method.WCLGConfig.refreshAtomicMirrors
WCLGConfig,-,maybeUpdateMirrorForKey:value:,0x27cac0,61276,384,method.WCLGConfig.maybeUpdateMirrorForKey:value:
WCLGConfig,-,cachedObjectForKey:,0x28ba98,516,12,method.WCLGConfig.cachedObjectForKey:
WCLGConfig,-,setCachedObject:forKey:,0x28bc9c,432,8,method.WCLGConfig.setCachedObject:forKey:
WCLGConfig,-,flushScheduled,0x28be5c,348,9,method.WCLGConfig.flushScheduled
WCLGConfig,-,boolForKey:,0x28c060,16,1,method.WCLGConfig.boolForKey:
WCLGConfig,-,boolForKey:defaultValue:,0x28c070,180,7,method.WCLGConfig.boolForKey:defaultValue:
WCLGConfig,-,integerForKey:,0x28c124,16,1,method.WCLGConfig.integerForKey:
WCLGConfig,-,integerForKey:defaultValue:,0x28c134,116,3,method.WCLGConfig.integerForKey:defaultValue:
WCLGConfig,-,doubleForKey:,0x28c1a8,116,3,method.WCLGConfig.doubleForKey:
WCLGConfig,-,objectForKey:,0x28c21c,12,1,method.WCLGConfig.objectForKey:
WCLGConfig,-,setBool:forKey:,0x28c228,2268,13,method.WCLGConfig.setBool:forKey:
WCLGConfig,-,setLiquidGlassPersistedPendingValue:,0x28cb04,988,3,method.WCLGConfig.setLiquidGlassPersistedPendingValue:
WCLGConfig,-,setInteger:forKey:,0x28cee0,140,1,method.WCLGConfig.setInteger:forKey:
WCLGConfig,-,setDouble:forKey:,0x28cf6c,140,1,method.WCLGConfig.setDouble:forKey:
WCLGConfig,-,setObject:forKey:,0x28cff8,12,1,method.WCLGConfig.setObject:forKey:
WCLGConfig,-,hasValueForKey:,0x28d004,60,1,method.WCLGConfig.hasValueForKey:
WCLGConfig,-,tabBarIconOffsetXForSizeMode:,0x28d040,808,7,method.WCLGConfig.tabBarIconOffsetXForSizeMode:
WCLGConfig,-,tabBarIconOffsetYForSizeMode:,0x28d368,804,7,method.WCLGConfig.tabBarIconOffsetYForSizeMode:
WCLGConfig,-,tabBarIconSpacingForSizeMode:,0x28d68c,776,7,method.WCLGConfig.tabBarIconSpacingForSizeMode:
WCLGConfig,-,setTabBarIconOffsetX:forSizeMode:,0x28d994,808,7,method.WCLGConfig.setTabBarIconOffsetX:forSizeMode:
WCLGConfig,-,setTabBarIconOffsetY:forSizeMode:,0x28dcbc,792,7,method.WCLGConfig.setTabBarIconOffsetY:forSizeMode:
WCLGConfig,-,setTabBarIconSpacing:forSizeMode:,0x28dfd4,788,7,method.WCLGConfig.setTabBarIconSpacing:forSizeMode:
WCLGConfig,-,tabBarIconScaleForSizeMode:,0x28e2e8,724,6,method.WCLGConfig.tabBarIconScaleForSizeMode:
WCLGConfig,-,setTabBarIconScale:forSizeMode:,0x28e5bc,720,6,method.WCLGConfig.setTabBarIconScale:forSizeMode:
WCLGConfig,-,liquidGlassEnabled,0x28e88c,16,1,method.WCLGConfig.liquidGlassEnabled
WCLGConfig,-,compatEnabled,0x28e89c,16,1,method.WCLGConfig.compatEnabled
WCLGConfig,-,hideTitlesEnabled,0x28e8ac,16,1,method.WCLGConfig.hideTitlesEnabled
WCLGConfig,-,chatBottomGlassEnabled,0x28e8bc,16,1,method.WCLGConfig.chatBottomGlassEnabled
WCLGConfig,-,chatBottomSMSHideEmojiIconEnabled,0x28e8cc,16,1,method.WCLGConfig.chatBottomSMSHideEmojiIconEnabled
WCLGConfig,-,chatBottomHoldKeyToTalkEnabled,0x28e8dc,16,1,method.WCLGConfig.chatBottomHoldKeyToTalkEnabled
WCLGConfig,-,chatBottomVoiceWaveColorLock,0x28e8ec,644,3,method.WCLGConfig.chatBottomVoiceWaveColorLock
WCLGConfig,-,chatAvatarGestureEnabled,0x28eb70,16,1,method.WCLGConfig.chatAvatarGestureEnabled
WCLGConfig,-,chatAvatarGestureTrigger,0x28eb80,12,1,method.WCLGConfig.chatAvatarGestureTrigger
WCLGConfig,-,chatBottomSMSUseMessageIconsEnabled,0x28eb8c,16,1,method.WCLGConfig.chatBottomSMSUseMessageIconsEnabled
WCLGConfig,-,chatBottomSMSMessageIconWeightMode,0x28eb9c,12,1,method.WCLGConfig.chatBottomSMSMessageIconWeightMode
WCLGConfig,-,chatBottomTGUseMessageIconsEnabled,0x28eba8,16,1,method.WCLGConfig.chatBottomTGUseMessageIconsEnabled
WCLGConfig,-,chatBottomTGMessageIconWeightMode,0x28ebb8,12,1,method.WCLGConfig.chatBottomTGMessageIconWeightMode
WCLGConfig,-,chatBottomTGAvatarMode,0x28ebc4,12,1,method.WCLGConfig.chatBottomTGAvatarMode
WCLGConfig,-,chatBottomTGAvatarEnabled,0x28ebd0,16,1,method.WCLGConfig.chatBottomTGAvatarEnabled
WCLGConfig,-,chatBubbleGlassEnabled,0x28ebe0,16,1,method.WCLGConfig.chatBubbleGlassEnabled
WCLGConfig,-,topNavigationAlignmentEnabled,0x28ebf0,16,1,method.WCLGConfig.topNavigationAlignmentEnabled
WCLGConfig,-,homeSearchButtonEnabled,0x28ec00,404,3,method.WCLGConfig.homeSearchButtonEnabled
WCLGConfig,-,chatTitleCapsuleEnabled,0x28ed94,16,1,method.WCLGConfig.chatTitleCapsuleEnabled
WCLGConfig,-,chatTitleCapsuleSearchEnabled,0x28eda4,16,1,method.WCLGConfig.chatTitleCapsuleSearchEnabled
WCLGConfig,-,chatNativeProfileTitleEnabled,0x28edb4,16,1,method.WCLGConfig.chatNativeProfileTitleEnabled
WCLGConfig,-,chatTopCapsuleAvatarEnabled,0x28edc4,16,1,method.WCLGConfig.chatTopCapsuleAvatarEnabled
WCLGConfig,-,chatTopCapsuleSubtitleEnabled,0x28edd4,16,1,method.WCLGConfig.chatTopCapsuleSubtitleEnabled
WCLGConfig,-,chatTopCapsuleLeftEnabled,0x28ede4,16,1,method.WCLGConfig.chatTopCapsuleLeftEnabled
WCLGConfig,-,chatTopCapsuleSubtitleIconEnabled,0x28edf4,16,1,method.WCLGConfig.chatTopCapsuleSubtitleIconEnabled
WCLGConfig,-,chatNativeProfilePinnedOffsetEnabled,0x28ee04,16,1,method.WCLGConfig.chatNativeProfilePinnedOffsetEnabled
WCLGConfig,-,chatTopMorphActionEnabled,0x28ee14,16,1,method.WCLGConfig.chatTopMorphActionEnabled
WCLGConfig,-,privateChatTopMorphDefault,0x28ee24,12,1,method.WCLGConfig.privateChatTopMorphDefault
WCLGConfig,-,groupChatTopMorphDefault,0x28ee30,12,1,method.WCLGConfig.groupChatTopMorphDefault
WCLGConfig,-,chatTopMorphSMSIconsEnabled,0x28ee3c,16,1,method.WCLGConfig.chatTopMorphSMSIconsEnabled
WCLGConfig,-,chatTopMorphSMSIconWeightMode,0x28ee4c,12,1,method.WCLGConfig.chatTopMorphSMSIconWeightMode
WCLGConfig,-,smsBackTextEnabled,0x28ee58,16,1,method.WCLGConfig.smsBackTextEnabled
WCLGConfig,-,smsBackIconWeightMode,0x28ee68,12,1,method.WCLGConfig.smsBackIconWeightMode
WCLGConfig,-,smsHomeAddIconEnabled,0x28ee74,16,1,method.WCLGConfig.smsHomeAddIconEnabled
WCLGConfig,-,smsHomeAddIconWeightMode,0x28ee84,12,1,method.WCLGConfig.smsHomeAddIconWeightMode
WCLGConfig,-,smsBottomBarIconEnabled,0x28ee90,16,1,method.WCLGConfig.smsBottomBarIconEnabled
WCLGConfig,-,chatPlusSMSMenuEnabled,0x28eea0,16,1,method.WCLGConfig.chatPlusSMSMenuEnabled
WCLGConfig,-,richCardPaymentBubbleEnabled,0x28eeb0,16,1,method.WCLGConfig.richCardPaymentBubbleEnabled
WCLGConfig,-,voIPBubbleGlassEnabled,0x28eec0,16,1,method.WCLGConfig.voIPBubbleGlassEnabled
WCLGConfig,-,longPressMenuGlassEnabled,0x28eed0,16,1,method.WCLGConfig.longPressMenuGlassEnabled
WCLGConfig,-,chatBubbleFlowGradientEnabled,0x28eee0,16,1,method.WCLGConfig.chatBubbleFlowGradientEnabled
WCLGConfig,-,chatBubbleFlowBorderEnabled,0x28eef0,8,1,method.WCLGConfig.chatBubbleFlowBorderEnabled
WCLGConfig,-,chatBubbleFlowRichMediaEnabled,0x28eef8,16,1,method.WCLGConfig.chatBubbleFlowRichMediaEnabled
WCLGConfig,-,chatBubbleFlowVoIPEnabled,0x28ef08,16,1,method.WCLGConfig.chatBubbleFlowVoIPEnabled
WCLGConfig,-,hideVoiceTranscribeIconEnabled,0x28ef18,16,1,method.WCLGConfig.hideVoiceTranscribeIconEnabled
WCLGConfig,-,deleteSessionImmediately,0x28ef28,16,1,method.WCLGConfig.deleteSessionImmediately
WCLGConfig,-,hideHomeWeChatTitleEnabled,0x28ef38,16,1,method.WCLGConfig.hideHomeWeChatTitleEnabled
WCLGConfig,-,chatBottomGradientBackgroundEnabled,0x28ef48,16,1,method.WCLGConfig.chatBottomGradientBackgroundEnabled
WCLGConfig,-,homeWallpaperScrimEnabled,0x28ef58,16,1,method.WCLGConfig.homeWallpaperScrimEnabled
WCLGConfig,-,homeWallpaperExtraTabsEnabled,0x28ef68,16,1,method.WCLGConfig.homeWallpaperExtraTabsEnabled
WCLGConfig,-,chatBottomPlaceholderEnabled,0x28ef78,16,1,method.WCLGConfig.chatBottomPlaceholderEnabled
WCLGConfig,-,customFadeEnabled,0x28ef88,16,1,method.WCLGConfig.customFadeEnabled
WCLGConfig,-,homeTopFadeEnabled,0x28ef98,16,1,method.WCLGConfig.homeTopFadeEnabled
WCLGConfig,-,chatTopFadeEnabled,0x28efa8,16,1,method.WCLGConfig.chatTopFadeEnabled
WCLGConfig,-,homeBottomFadeEnabled,0x28efb8,16,1,method.WCLGConfig.homeBottomFadeEnabled
WCLGConfig,-,tabBarExtraClearEnabled,0x28efc8,408,3,method.WCLGConfig.tabBarExtraClearEnabled
WCLGConfig,-,unreadBackCapsuleMode,0x28f160,12,1,method.WCLGConfig.unreadBackCapsuleMode
WCLGConfig,-,tabBarRightSearchEnabled,0x28f16c,424,3,method.WCLGConfig.tabBarRightSearchEnabled
WCLGConfig,-,searchTabBarEnabled,0x28f314,16,1,method.WCLGConfig.searchTabBarEnabled
WCLGConfig,-,disablePullDownMiniProgramEnabled,0x28f324,16,1,method.WCLGConfig.disablePullDownMiniProgramEnabled
WCLGConfig,-,plusMenuMiniProgramEntryEnabled,0x28f334,16,1,method.WCLGConfig.plusMenuMiniProgramEntryEnabled
WCLGConfig,-,glassSizeMode,0x28f344,496,3,method.WCLGConfig.glassSizeMode
WCLGConfig,-,tabBarRightSearchSizeMode,0x28f534,608,3,method.WCLGConfig.tabBarRightSearchSizeMode
WCLGConfig,-,searchTabBarSizeMode,0x28f794,12,1,method.WCLGConfig.searchTabBarSizeMode
WCLGConfig,-,chatBottomGlassMode,0x28f7a0,12,1,method.WCLGConfig.chatBottomGlassMode
WCLGConfig,-,chatBottomSMSSendColorMode,0x28f7ac,12,1,method.WCLGConfig.chatBottomSMSSendColorMode
WCLGConfig,-,chatBottomSMSSendDarkColorMode,0x28f7b8,12,1,method.WCLGConfig.chatBottomSMSSendDarkColorMode
WCLGConfig,-,smsBottomBarIconLightColorMode,0x28f7c4,12,1,method.WCLGConfig.smsBottomBarIconLightColorMode
WCLGConfig,-,smsBottomBarIconDarkColorMode,0x28f7d0,12,1,method.WCLGConfig.smsBottomBarIconDarkColorMode
WCLGConfig,-,chatBubbleOutgoingColorMode,0x28f7dc,12,1,method.WCLGConfig.chatBubbleOutgoingColorMode
WCLGConfig,-,chatBubbleIncomingColorMode,0x28f7e8,12,1,method.WCLGConfig.chatBubbleIncomingColorMode
WCLGConfig,-,chatBubbleOutgoingDarkColorMode,0x28f7f4,12,1,method.WCLGConfig.chatBubbleOutgoingDarkColorMode
WCLGConfig,-,chatBubbleIncomingDarkColorMode,0x28f800,12,1,method.WCLGConfig.chatBubbleIncomingDarkColorMode
WCLGConfig,-,chatBubblePaymentTextColorMode,0x28f80c,12,1,method.WCLGConfig.chatBubblePaymentTextColorMode
WCLGConfig,-,chatBubblePaymentTextDarkColorMode,0x28f818,12,1,method.WCLGConfig.chatBubblePaymentTextDarkColorMode
WCLGConfig,-,chatBubbleTextColorEnabled,0x28f824,16,1,method.WCLGConfig.chatBubbleTextColorEnabled
WCLGConfig,-,chatBubbleTextSendColorMode,0x28f834,12,1,method.WCLGConfig.chatBubbleTextSendColorMode
WCLGConfig,-,chatBubbleTextSendDarkColorMode,0x28f840,12,1,method.WCLGConfig.chatBubbleTextSendDarkColorMode
WCLGConfig,-,chatBubbleTextRecvColorMode,0x28f84c,12,1,method.WCLGConfig.chatBubbleTextRecvColorMode
WCLGConfig,-,chatBubbleTextRecvDarkColorMode,0x28f858,12,1,method.WCLGConfig.chatBubbleTextRecvDarkColorMode
WCLGConfig,-,chatBubbleCompactEnabled,0x28f864,16,1,method.WCLGConfig.chatBubbleCompactEnabled
WCLGConfig,-,chatBubbleCompactAvatarPosition,0x28f874,12,1,method.WCLGConfig.chatBubbleCompactAvatarPosition
WCLGConfig,-,chatBubbleCompactGap,0x28f880,12,1,method.WCLGConfig.chatBubbleCompactGap
WCLGConfig,-,chatBubbleCompactGapGroup,0x28f88c,12,1,method.WCLGConfig.chatBubbleCompactGapGroup
WCLGConfig,-,chatBubbleCompactGapGroupSend,0x28f898,12,1,method.WCLGConfig.chatBubbleCompactGapGroupSend
WCLGConfig,-,chatBubbleCompactGapPrivate,0x28f8a4,12,1,method.WCLGConfig.chatBubbleCompactGapPrivate
WCLGConfig,-,avatarScaleEnabled,0x28f8b0,16,1,method.WCLGConfig.avatarScaleEnabled
WCLGConfig,-,avatarScaleChatList,0x28f8c0,12,1,method.WCLGConfig.avatarScaleChatList
WCLGConfig,-,avatarScaleChat,0x28f8cc,12,1,method.WCLGConfig.avatarScaleChat
WCLGConfig,-,avatarScaleContacts,0x28f8d8,12,1,method.WCLGConfig.avatarScaleContacts
WCLGConfig,-,avatarScaleDiscover,0x28f8e4,12,1,method.WCLGConfig.avatarScaleDiscover
WCLGConfig,-,chatTopButtonAvatarEnabled,0x28f8f0,16,1,method.WCLGConfig.chatTopButtonAvatarEnabled
WCLGConfig,-,chatTopButtonAvatarSource,0x28f900,12,1,method.WCLGConfig.chatTopButtonAvatarSource
WCLGConfig,-,chatTopButtonAvatarScale,0x28f90c,12,1,method.WCLGConfig.chatTopButtonAvatarScale
WCLGConfig,-,bubbleImageEnabled,0x28f918,16,1,method.WCLGConfig.bubbleImageEnabled
WCLGConfig,-,chatBubbleCompactSkipTime,0x28f928,16,1,method.WCLGConfig.chatBubbleCompactSkipTime
WCLGConfig,-,chatBubbleMergeHideTimeBar,0x28f938,16,1,method.WCLGConfig.chatBubbleMergeHideTimeBar
WCLGConfig,-,chatBubbleMergeAvatarBottomAlign,0x28f948,16,1,method.WCLGConfig.chatBubbleMergeAvatarBottomAlign
WCLGConfig,-,chatBubbleMergePrivate,0x28f958,16,1,method.WCLGConfig.chatBubbleMergePrivate
WCLGConfig,-,chatBubbleMergeGroup,0x28f968,16,1,method.WCLGConfig.chatBubbleMergeGroup
WCLGConfig,-,chatBubbleMergeBubbleInset,0x28f978,12,1,method.WCLGConfig.chatBubbleMergeBubbleInset
WCLGConfig,-,chatBubbleMergeAvatarInset,0x28f984,12,1,method.WCLGConfig.chatBubbleMergeAvatarInset
WCLGConfig,-,chatBubbleMergePageInset,0x28f990,12,1,method.WCLGConfig.chatBubbleMergePageInset
WCLGConfig,-,chatIndentEnabled,0x28f99c,16,1,method.WCLGConfig.chatIndentEnabled
WCLGConfig,-,chatIndentGroupRecv,0x28f9ac,12,1,method.WCLGConfig.chatIndentGroupRecv
WCLGConfig,-,chatIndentGroupSend,0x28f9b8,12,1,method.WCLGConfig.chatIndentGroupSend
WCLGConfig,-,chatIndentPrivateRecv,0x28f9c4,12,1,method.WCLGConfig.chatIndentPrivateRecv
WCLGConfig,-,chatIndentPrivateSend,0x28f9d0,12,1,method.WCLGConfig.chatIndentPrivateSend
WCLGConfig,-,chatBubbleFlowStartColorMode,0x28f9dc,12,1,method.WCLGConfig.chatBubbleFlowStartColorMode
WCLGConfig,-,chatBubbleFlowEndColorMode,0x28f9e8,12,1,method.WCLGConfig.chatBubbleFlowEndColorMode
WCLGConfig,-,chatBubbleFlowDarkStartColorMode,0x28f9f4,12,1,method.WCLGConfig.chatBubbleFlowDarkStartColorMode
WCLGConfig,-,chatBubbleFlowDarkEndColorMode,0x28fa00,12,1,method.WCLGConfig.chatBubbleFlowDarkEndColorMode
WCLGConfig,-,groupChatAvatarHideMode,0x28fa0c,12,1,method.WCLGConfig.groupChatAvatarHideMode
WCLGConfig,-,privateChatAvatarHideMode,0x28fa18,12,1,method.WCLGConfig.privateChatAvatarHideMode
WCLGConfig,-,shouldForceTrueForUserDefaultsKey:,0x28fa24,1172,8,method.WCLGConfig.shouldForceTrueForUserDefaultsKey:
WCLGConfig,-,flush,0x28feb8,84,1,method.WCLGConfig.flush
WCLGConfig,-,invalidateCache,0x28ff0c,384,9,method.WCLGConfig.invalidateCache
WCLGGlassThemeCell,-,initWithStyle:reuseIdentifier:,0x29606c,5812,7,method.WCLGGlassThemeCell.initWithStyle:reuseIdentifier:
WCLGGlassThemeCell,-,configure:,0x297720,2196,12,method.WCLGGlassThemeCell.configure:
WCLGGlassThemeCell,-,thumb,0x297fb4,16,1,method.WCLGGlassThemeCell.thumb
WCLGGlassThemeCell,-,setThumb:,0x297fc4,20,1,method.WCLGGlassThemeCell.setThumb:
WCLGGlassThemeCell,-,nameLabel,0x297fd8,16,1,method.WCLGGlassThemeCell.nameLabel
WCLGGlassThemeCell,-,setNameLabel:,0x297fe8,20,1,method.WCLGGlassThemeCell.setNameLabel:
WCLGGlassThemeCell,-,subLabel,0x297ffc,16,1,method.WCLGGlassThemeCell.subLabel
WCLGGlassThemeCell,-,setSubLabel:,0x29800c,20,1,method.WCLGGlassThemeCell.setSubLabel:
WCLGGlassThemeCell,-,verLabel,0x298020,16,1,method.WCLGGlassThemeCell.verLabel
WCLGGlassThemeCell,-,setVerLabel:,0x298030,20,1,method.WCLGGlassThemeCell.setVerLabel:
WCLGGlassThemeCell,-,statusChip,0x298044,16,1,method.WCLGGlassThemeCell.statusChip
WCLGGlassThemeCell,-,setStatusChip:,0x298054,20,1,method.WCLGGlassThemeCell.setStatusChip:
WCLGGlassThemeCell,-,chevron,0x298068,16,1,method.WCLGGlassThemeCell.chevron
WCLGGlassThemeCell,-,setChevron:,0x298078,20,1,method.WCLGGlassThemeCell.setChevron:
WCLGGlassThemeCell,-,theme,0x29808c,16,1,method.WCLGGlassThemeCell.theme
WCLGGlassThemeCell,-,setTheme:,0x29809c,20,1,method.WCLGGlassThemeCell.setTheme:
WCLGDownloadCenterViewController,-,viewDidLoad,0x298154,3548,5,method.WCLGDownloadCenterViewController.viewDidLoad
WCLGDownloadCenterViewController,-,viewDidLayoutSubviews,0x298f30,648,1,method.WCLGDownloadCenterViewController.viewDidLayoutSubviews
WCLGDownloadCenterViewController,-,segChanged,0x2991b8,84,1,method.WCLGDownloadCenterViewController.segChanged
WCLGDownloadCenterViewController,-,openRedeemCenter,0x29920c,1088,8,method.WCLGDownloadCenterViewController.openRedeemCenter
WCLGDownloadCenterViewController,-,reload,0x29964c,280,1,method.WCLGDownloadCenterViewController.reload
WCLGDownloadCenterViewController,-,current,0x299dd4,124,1,method.WCLGDownloadCenterViewController.current
WCLGDownloadCenterViewController,-,updateEmpty,0x299e50,136,1,method.WCLGDownloadCenterViewController.updateEmpty
WCLGDownloadCenterViewController,-,tableView:numberOfRowsInSection:,0x299ed8,76,1,sym.func.00299ed8
WCLGDownloadCenterViewController,-,tableView:cellForRowAtIndexPath:,0x299f24,340,3,sym.func.00299f24
WCLGDownloadCenterViewController,-,tableView:didSelectRowAtIndexPath:,0x29a078,200,1,method.WCLGDownloadCenterViewController.tableView:didSelectRowAtIndexPath:
WCLGDownloadCenterViewController,-,showDetail:,0x29a140,336,4,method.WCLGDownloadCenterViewController.showDetail:
WCLGDownloadCenterViewController,-,dismissSelf,0x29a2ec,20,1,method.WCLGDownloadCenterViewController.dismissSelf
WCLGDownloadCenterViewController,-,toast:,0x29a300,124,1,method.WCLGDownloadCenterViewController.toast:
WCLGDownloadCenterViewController,-,seg,0x29a37c,16,1,method.WCLGDownloadCenterViewController.seg
WCLGDownloadCenterViewController,-,setSeg:,0x29a38c,20,1,method.WCLGDownloadCenterViewController.setSeg:
WCLGDownloadCenterViewController,-,segBar,0x29a3a0,16,1,method.WCLGDownloadCenterViewController.segBar
WCLGDownloadCenterViewController,-,setSegBar:,0x29a3b0,20,1,method.WCLGDownloadCenterViewController.setSegBar:
WCLGDownloadCenterViewController,-,bg,0x29a3c4,16,1,method.WCLGDownloadCenterViewController.bg
WCLGDownloadCenterViewController,-,setBg:,0x29a3d4,20,1,method.WCLGDownloadCenterViewController.setBg:
WCLGDownloadCenterViewController,-,tableView,0x29a3e8,16,1,method.WCLGDownloadCenterViewController.tableView
WCLGDownloadCenterViewController,-,setTableView:,0x29a3f8,20,1,method.WCLGDownloadCenterViewController.setTableView:
WCLGDownloadCenterViewController,-,spinner,0x29a40c,16,1,method.WCLGDownloadCenterViewController.spinner
WCLGDownloadCenterViewController,-,setSpinner:,0x29a41c,20,1,method.WCLGDownloadCenterViewController.setSpinner:
WCLGDownloadCenterViewController,-,emptyLabel,0x29a430,16,1,method.WCLGDownloadCenterViewController.emptyLabel
WCLGDownloadCenterViewController,-,setEmptyLabel:,0x29a440,20,1,method.WCLGDownloadCenterViewController.setEmptyLabel:
WCLGDownloadCenterViewController,-,bubbles,0x29a454,16,1,method.WCLGDownloadCenterViewController.bubbles
WCLGDownloadCenterViewController,-,setBubbles:,0x29a464,20,1,method.WCLGDownloadCenterViewController.setBubbles:
WCLGDownloadCenterViewController,-,cards,0x29a478,16,1,method.WCLGDownloadCenterViewController.cards
WCLGDownloadCenterViewController,-,setCards:,0x29a488,20,1,method.WCLGDownloadCenterViewController.setCards:
WCLGDownloadCenterViewController,-,reloadGeneration,0x29a49c,16,1,method.WCLGDownloadCenterViewController.reloadGeneration
WCLGDownloadCenterViewController,-,setReloadGeneration:,0x29a4ac,16,1,method.WCLGDownloadCenterViewController.setReloadGeneration:
WCLGDownloadCenterViewController,-,tableView:numberOfRowsInSection:,0x468b00,0,0,
WCLGDownloadCenterViewController,-,tableView:cellForRowAtIndexPath:,0x468b0c,0,0,
WCLGVariableBlurHostView,-,initWithFrame:,0x29a6dc,768,6,method.WCLGVariableBlurHostView.initWithFrame:
WCLGVariableBlurHostView,-,layoutSubviews,0x29a9dc,176,1,method.WCLGVariableBlurHostView.layoutSubviews
WCLGVariableBlurHostView,-,backdropLayer,0x29aa8c,16,1,method.WCLGVariableBlurHostView.backdropLayer
WCLGVariableBlurHostView,-,setBackdropLayer:,0x29aa9c,20,1,method.WCLGVariableBlurHostView.setBackdropLayer:
WCLGVariableBlurHostView,-,gradientImage,0x29aab0,16,1,method.WCLGVariableBlurHostView.gradientImage
WCLGVariableBlurHostView,-,setGradientImage:,0x29aac0,20,1,method.WCLGVariableBlurHostView.setGradientImage:
WCLGVariableBlurHostView,-,lastSize,0x29aad4,20,1,method.WCLGVariableBlurHostView.lastSize
WCLGVariableBlurHostView,-,setLastSize:,0x29aae8,20,1,method.WCLGVariableBlurHostView.setLastSize:
WCLGVariableBlurHostView,-,lastConstantHeight,0x29aafc,16,1,method.WCLGVariableBlurHostView.lastConstantHeight
WCLGVariableBlurHostView,-,setLastConstantHeight:,0x29ab0c,16,1,method.WCLGVariableBlurHostView.setLastConstantHeight:
WCLGVariableBlurHostView,-,lastInverted,0x29ab1c,16,1,method.WCLGVariableBlurHostView.lastInverted
WCLGVariableBlurHostView,-,setLastInverted:,0x29ab2c,16,1,method.WCLGVariableBlurHostView.setLastInverted:
WCLGVariableBlurHostView,-,lastGradientHeight,0x29ab3c,16,1,method.WCLGVariableBlurHostView.lastGradientHeight
WCLGVariableBlurHostView,-,setLastGradientHeight:,0x29ab4c,16,1,method.WCLGVariableBlurHostView.setLastGradientHeight:
WCLGEdgeEffectView,-,initWithFrame:,0x29b1d4,884,5,method.WCLGEdgeEffectView.initWithFrame:
WCLGEdgeEffectView,-,updateWithContentColor:blur:alpha:rect:edge:edgeSize:blurRadius:,0x29b548,4160,58,method.WCLGEdgeEffectView.updateWithContentColor:blur:alpha:rect:edge:edgeSize:blurRadius:
WCLGEdgeEffectView,-,isBlurEnabled,0x29c588,16,1,method.WCLGEdgeEffectView.isBlurEnabled
WCLGEdgeEffectView,-,setBlurEnabled:,0x29c598,16,1,method.WCLGEdgeEffectView.setBlurEnabled:
WCLGEdgeEffectView,-,contentView,0x29c5a8,16,1,method.WCLGEdgeEffectView.contentView
WCLGEdgeEffectView,-,setContentView:,0x29c5b8,20,1,method.WCLGEdgeEffectView.setContentView:
WCLGEdgeEffectView,-,contentMaskView,0x29c5cc,16,1,method.WCLGEdgeEffectView.contentMaskView
WCLGEdgeEffectView,-,setContentMaskView:,0x29c5dc,20,1,method.WCLGEdgeEffectView.setContentMaskView:
WCLGEdgeEffectView,-,blurHostView,0x29c5f0,16,1,method.WCLGEdgeEffectView.blurHostView
WCLGEdgeEffectView,-,setBlurHostView:,0x29c600,20,1,method.WCLGEdgeEffectView.setBlurHostView:
WCLGEdgeEffectView,-,fallbackBlurView,0x29c614,16,1,method.WCLGEdgeEffectView.fallbackBlurView
WCLGEdgeEffectView,-,setFallbackBlurView:,0x29c624,20,1,method.WCLGEdgeEffectView.setFallbackBlurView:
WCLGEdgeEffectView,-,lastContentColor,0x29c638,16,1,method.WCLGEdgeEffectView.lastContentColor
WCLGEdgeEffectView,-,setLastContentColor:,0x29c648,20,1,method.WCLGEdgeEffectView.setLastContentColor:
WCLGEdgeEffectView,-,lastBlur,0x29c65c,16,1,method.WCLGEdgeEffectView.lastBlur
WCLGEdgeEffectView,-,setLastBlur:,0x29c66c,16,1,method.WCLGEdgeEffectView.setLastBlur:
WCLGEdgeEffectView,-,lastAlpha,0x29c67c,16,1,method.WCLGEdgeEffectView.lastAlpha
WCLGEdgeEffectView,-,setLastAlpha:,0x29c68c,16,1,method.WCLGEdgeEffectView.setLastAlpha:
WCLGEdgeEffectView,-,lastRect,0x29c69c,24,1,method.WCLGEdgeEffectView.lastRect
WCLGEdgeEffectView,-,setLastRect:,0x29c6b4,24,1,method.WCLGEdgeEffectView.setLastRect:
WCLGEdgeEffectView,-,lastEdge,0x29c6cc,16,1,method.WCLGEdgeEffectView.lastEdge
WCLGEdgeEffectView,-,setLastEdge:,0x29c6dc,16,1,method.WCLGEdgeEffectView.setLastEdge:
WCLGEdgeEffectView,-,lastEdgeSize,0x29c6ec,16,1,method.WCLGEdgeEffectView.lastEdgeSize
WCLGEdgeEffectView,-,setLastEdgeSize:,0x29c6fc,16,1,method.WCLGEdgeEffectView.setLastEdgeSize:
WCLGEdgeEffectView,-,lastBlurRadius,0x29c70c,16,1,method.WCLGEdgeEffectView.lastBlurRadius
WCLGEdgeEffectView,-,setLastBlurRadius:,0x29c71c,16,1,method.WCLGEdgeEffectView.setLastBlurRadius:
WCLGFuncCardMediaController,-,init,0x29c7a8,1152,5,method.WCLGFuncCardMediaController.init
WCLGFuncCardMediaController,-,keyForSchemeTask:,0x29cc28,20,1,method.WCLGFuncCardMediaController.keyForSchemeTask:
WCLGFuncCardMediaController,-,isSchemeTaskCancelled:,0x29cc3c,216,1,method.WCLGFuncCardMediaController.isSchemeTaskCancelled:
WCLGFuncCardMediaController,-,finishSchemeTask:,0x29cd28,260,1,method.WCLGFuncCardMediaController.finishSchemeTask:
WCLGFuncCardMediaController,-,performSchemeTaskCallback:block:,0x29ce40,308,7,method.WCLGFuncCardMediaController.performSchemeTaskCallback:block:
WCLGFuncCardMediaController,-,failSchemeTask:code:,0x29d074,632,6,method.WCLGFuncCardMediaController.failSchemeTask:code:
WCLGFuncCardMediaController,-,userContentController:didReceiveScriptMessage:,0x29d300,7348,71,sym.func.0029d300
WCLGFuncCardMediaController,-,contentTypesForAccept:,0x2a03d8,1332,27,method.WCLGFuncCardMediaController.contentTypesForAccept:
WCLGFuncCardMediaController,-,presenterForWebView:,0x2a090c,872,30,method.WCLGFuncCardMediaController.presenterForWebView:
WCLGFuncCardMediaController,-,deliver:expectedScope:,0x2a0c74,1428,12,method.WCLGFuncCardMediaController.deliver:expectedScope:
WCLGFuncCardMediaController,-,clearPendingPicker,0x2a1208,272,1,method.WCLGFuncCardMediaController.clearPendingPicker
WCLGFuncCardMediaController,-,updateScope:,0x2a1318,300,8,method.WCLGFuncCardMediaController.updateScope:
WCLGFuncCardMediaController,-,documentPicker:didPickDocumentsAtURLs:,0x2a1444,648,6,method.WCLGFuncCardMediaController.documentPicker:didPickDocumentsAtURLs:
WCLGFuncCardMediaController,-,documentPickerWasCancelled:,0x2a3240,1236,9,method.WCLGFuncCardMediaController.documentPickerWasCancelled:
WCLGFuncCardMediaController,-,presentationControllerDidDismiss:,0x2a3714,1300,11,method.WCLGFuncCardMediaController.presentationControllerDidDismiss:
WCLGFuncCardMediaController,-,webView:startURLSchemeTask:,0x2a3c28,1496,13,method.WCLGFuncCardMediaController.webView:startURLSchemeTask:
WCLGFuncCardMediaController,-,webView:stopURLSchemeTask:,0x2a7904,288,3,method.WCLGFuncCardMediaController.webView:stopURLSchemeTask:
WCLGFuncCardMediaController,-,webView,0x2a7a38,24,1,method.WCLGFuncCardMediaController.webView
WCLGFuncCardMediaController,-,setWebView:,0x2a7a50,12,1,method.WCLGFuncCardMediaController.setWebView:
WCLGFuncCardMediaController,-,scope,0x2a7a5c,8,1,method.WCLGFuncCardMediaController.scope
WCLGFuncCardMediaController,-,setScope:,0x2a7a64,8,1,method.WCLGFuncCardMediaController.setScope:
WCLGFuncCardMediaController,-,ioQueue,0x2a7a6c,8,1,method.WCLGFuncCardMediaController.ioQueue
WCLGFuncCardMediaController,-,setIoQueue:,0x2a7a74,12,1,method.WCLGFuncCardMediaController.setIoQueue:
WCLGFuncCardMediaController,-,stateQueue,0x2a7a80,8,1,method.WCLGFuncCardMediaController.stateQueue
WCLGFuncCardMediaController,-,setStateQueue:,0x2a7a88,12,1,method.WCLGFuncCardMediaController.setStateQueue:
WCLGFuncCardMediaController,-,activeTasks,0x2a7a94,8,1,method.WCLGFuncCardMediaController.activeTasks
WCLGFuncCardMediaController,-,setActiveTasks:,0x2a7a9c,12,1,method.WCLGFuncCardMediaController.setActiveTasks:
WCLGFuncCardMediaController,-,cancelledTasks,0x2a7aa8,8,1,method.WCLGFuncCardMediaController.cancelledTasks
WCLGFuncCardMediaController,-,setCancelledTasks:,0x2a7ab0,12,1,method.WCLGFuncCardMediaController.setCancelledTasks:
WCLGFuncCardMediaController,-,pageScopes,0x2a7abc,8,1,method.WCLGFuncCardMediaController.pageScopes
WCLGFuncCardMediaController,-,setPageScopes:,0x2a7ac4,12,1,method.WCLGFuncCardMediaController.setPageScopes:
WCLGFuncCardMediaController,-,pendingPicker,0x2a7ad0,8,1,method.WCLGFuncCardMediaController.pendingPicker
WCLGFuncCardMediaController,-,setPendingPicker:,0x2a7ad8,12,1,method.WCLGFuncCardMediaController.setPendingPicker:
WCLGFuncCardMediaController,-,pendingRequestId,0x2a7ae4,8,1,method.WCLGFuncCardMediaController.pendingRequestId
WCLGFuncCardMediaController,-,setPendingRequestId:,0x2a7aec,8,1,method.WCLGFuncCardMediaController.setPendingRequestId:
WCLGFuncCardMediaController,-,pendingToken,0x2a7af4,8,1,method.WCLGFuncCardMediaController.pendingToken
WCLGFuncCardMediaController,-,setPendingToken:,0x2a7afc,8,1,method.WCLGFuncCardMediaController.setPendingToken:
WCLGFuncCardMediaController,-,pendingScope,0x2a7b04,8,1,method.WCLGFuncCardMediaController.pendingScope
WCLGFuncCardMediaController,-,setPendingScope:,0x2a7b0c,8,1,method.WCLGFuncCardMediaController.setPendingScope:
WCLGFuncCardMediaController,-,pendingStorageGeneration,0x2a7b14,8,1,method.WCLGFuncCardMediaController.pendingStorageGeneration
WCLGFuncCardMediaController,-,setPendingStorageGeneration:,0x2a7b1c,8,1,method.WCLGFuncCardMediaController.setPendingStorageGeneration:
WCLGFuncCardMediaController,-,userContentController:didReceiveScriptMessage:,0x468ca0,0,0,
WCLGFuncCardPanelView,+,metricDefinitions,0x2dc240,5304,5,method.class.WCLGFuncCardPanelView.metricDefinitions
WCLGFuncCardPanelView,-,initForWindow:,0x2dd6f8,1108,5,method.WCLGFuncCardPanelView.initForWindow:
WCLGFuncCardPanelView,-,primaryTextColor,0x2ddb4c,92,4,method.WCLGFuncCardPanelView.primaryTextColor
WCLGFuncCardPanelView,-,secondaryTextColor,0x2ddba8,92,4,method.WCLGFuncCardPanelView.secondaryTextColor
WCLGFuncCardPanelView,-,separatorColor,0x2ddc04,92,4,method.WCLGFuncCardPanelView.separatorColor
WCLGFuncCardPanelView,-,buildBlurBackground,0x2ddc60,616,4,method.WCLGFuncCardPanelView.buildBlurBackground
WCLGFuncCardPanelView,-,contentHost,0x2ddec8,12,1,method.WCLGFuncCardPanelView.contentHost
WCLGFuncCardPanelView,-,buildHeader,0x2dded4,1744,9,method.WCLGFuncCardPanelView.buildHeader
WCLGFuncCardPanelView,-,buildScrollContent:,0x2de5a4,3740,12,method.WCLGFuncCardPanelView.buildScrollContent:
WCLGFuncCardPanelView,-,makeRowAtIndex:title:lastRow:,0x2df440,688,3,method.WCLGFuncCardPanelView.makeRowAtIndex:title:lastRow:
WCLGFuncCardPanelView,-,makeColorRowAtIndex:title:swatchOut:,0x2df6f0,1520,5,method.WCLGFuncCardPanelView.makeColorRowAtIndex:title:swatchOut:
WCLGFuncCardPanelView,-,makeDisclosureRowAtIndex:title:,0x2dfce0,1164,3,method.WCLGFuncCardPanelView.makeDisclosureRowAtIndex:title:
WCLGFuncCardPanelView,-,placeAccessoryControl:inRow:,0x2e016c,240,3,method.WCLGFuncCardPanelView.placeAccessoryControl:inRow:
WCLGFuncCardPanelView,-,addStepperForMetric:index:inRow:,0x2e025c,2004,24,method.WCLGFuncCardPanelView.addStepperForMetric:index:inRow:
WCLGFuncCardPanelView,-,closeTapped,0x2e0bdc,4,1,method.WCLGFuncCardPanelView.closeTapped
WCLGFuncCardPanelView,-,enableSwitchChanged:,0x2e0d0c,152,1,method.WCLGFuncCardPanelView.enableSwitchChanged:
WCLGFuncCardPanelView,-,swipeFollowSwitchChanged:,0x2e0da4,148,1,method.WCLGFuncCardPanelView.swipeFollowSwitchChanged:
WCLGFuncCardPanelView,-,appearanceControlChanged:,0x2e0e38,172,3,method.WCLGFuncCardPanelView.appearanceControlChanged:
WCLGFuncCardPanelView,-,stepperChanged:,0x2e0ee4,844,6,method.WCLGFuncCardPanelView.stepperChanged:
WCLGFuncCardPanelView,-,bgColorTapped,0x2e1230,152,3,method.WCLGFuncCardPanelView.bgColorTapped
WCLGFuncCardPanelView,-,borderColorTapped,0x2e12c8,152,3,method.WCLGFuncCardPanelView.borderColorTapped
WCLGFuncCardPanelView,-,codeLibraryTapped,0x2e1360,180,1,method.WCLGFuncCardPanelView.codeLibraryTapped
WCLGFuncCardPanelView,-,presentColorPickerKey:title:,0x2e1538,516,1,method.WCLGFuncCardPanelView.presentColorPickerKey:title:
WCLGFuncCardPanelView,-,dismissTopModal,0x2e18a0,64,1,method.WCLGFuncCardPanelView.dismissTopModal
WCLGFuncCardPanelView,-,refreshColorSwatches,0x2e18e0,304,4,method.WCLGFuncCardPanelView.refreshColorSwatches
WCLGFuncCardPanelView,-,handlePan:,0x2e1ad8,312,5,method.WCLGFuncCardPanelView.handlePan:
WCLGFuncCardPanelView,-,clampedCenter:inBounds:,0x2e1c10,200,1,method.WCLGFuncCardPanelView.clampedCenter:inBounds:
WCLGFuncCardPanelView,-,gestureRecognizer:shouldReceiveTouch:,0x2e1cd8,108,1,method.WCLGFuncCardPanelView.gestureRecognizer:shouldReceiveTouch:
WCLGFuncCardPanelView,-,panelBG,0x2e1d44,16,1,method.WCLGFuncCardPanelView.panelBG
WCLGFuncCardPanelView,-,setPanelBG:,0x2e1d54,20,1,method.WCLGFuncCardPanelView.setPanelBG:
WCLGFuncCardPanelView,-,scrollView,0x2e1d68,16,1,method.WCLGFuncCardPanelView.scrollView
WCLGFuncCardPanelView,-,setScrollView:,0x2e1d78,20,1,method.WCLGFuncCardPanelView.setScrollView:
WCLGFuncCardPanelView,-,enableSwitch,0x2e1d8c,16,1,method.WCLGFuncCardPanelView.enableSwitch
WCLGFuncCardPanelView,-,setEnableSwitch:,0x2e1d9c,20,1,method.WCLGFuncCardPanelView.setEnableSwitch:
WCLGFuncCardPanelView,-,swipeFollowSwitch,0x2e1db0,16,1,method.WCLGFuncCardPanelView.swipeFollowSwitch
WCLGFuncCardPanelView,-,setSwipeFollowSwitch:,0x2e1dc0,20,1,method.WCLGFuncCardPanelView.setSwipeFollowSwitch:
WCLGFuncCardPanelView,-,appearanceControl,0x2e1dd4,16,1,method.WCLGFuncCardPanelView.appearanceControl
WCLGFuncCardPanelView,-,setAppearanceControl:,0x2e1de4,20,1,method.WCLGFuncCardPanelView.setAppearanceControl:
WCLGFuncCardPanelView,-,bgSwatch,0x2e1df8,16,1,method.WCLGFuncCardPanelView.bgSwatch
WCLGFuncCardPanelView,-,setBgSwatch:,0x2e1e08,20,1,method.WCLGFuncCardPanelView.setBgSwatch:
WCLGFuncCardPanelView,-,borderSwatch,0x2e1e1c,16,1,method.WCLGFuncCardPanelView.borderSwatch
WCLGFuncCardPanelView,-,setBorderSwatch:,0x2e1e2c,20,1,method.WCLGFuncCardPanelView.setBorderSwatch:
WCLGFuncCardPanelView,-,valueLabels,0x2e1e40,16,1,method.WCLGFuncCardPanelView.valueLabels
WCLGFuncCardPanelView,-,setValueLabels:,0x2e1e50,20,1,method.WCLGFuncCardPanelView.setValueLabels:
WCLGFuncCardPanelView,-,metrics,0x2e1e64,16,1,method.WCLGFuncCardPanelView.metrics
WCLGFuncCardPanelView,-,setMetrics:,0x2e1e74,20,1,method.WCLGFuncCardPanelView.setMetrics:
WCLGFuncCardPanelView,-,dragStartCenter,0x2e1e88,20,1,method.WCLGFuncCardPanelView.dragStartCenter
WCLGFuncCardPanelView,-,setDragStartCenter:,0x2e1e9c,20,1,method.WCLGFuncCardPanelView.setDragStartCenter:
WCLGFuncCardPanelView,-,darkMode,0x2e1eb0,16,1,method.WCLGFuncCardPanelView.darkMode
WCLGFuncCardPanelView,-,setDarkMode:,0x2e1ec0,16,1,method.WCLGFuncCardPanelView.setDarkMode:
WCLGGlassInstalledItem,-,themeId,0x2e2538,8,1,method.WCLGGlassInstalledItem.themeId
WCLGGlassInstalledItem,-,setThemeId:,0x2e2540,8,1,method.WCLGGlassInstalledItem.setThemeId:
WCLGGlassInstalledItem,-,type,0x2e2548,8,1,method.WCLGGlassInstalledItem.type
WCLGGlassInstalledItem,-,setType:,0x2e2550,8,1,method.WCLGGlassInstalledItem.setType:
WCLGGlassInstalledItem,-,name,0x2e2558,8,1,method.WCLGGlassInstalledItem.name
WCLGGlassInstalledItem,-,setName:,0x2e2560,8,1,method.WCLGGlassInstalledItem.setName:
WCLGGlassInstalledItem,-,subtitle,0x2e2568,8,1,method.WCLGGlassInstalledItem.subtitle
WCLGGlassInstalledItem,-,setSubtitle:,0x2e2570,8,1,method.WCLGGlassInstalledItem.setSubtitle:
WCLGGlassInstalledItem,-,iconURL,0x2e2578,8,1,method.WCLGGlassInstalledItem.iconURL
WCLGGlassInstalledItem,-,setIconURL:,0x2e2580,8,1,method.WCLGGlassInstalledItem.setIconURL:
WCLGGlassInstalledItem,-,version,0x2e2588,8,1,method.WCLGGlassInstalledItem.version
WCLGGlassInstalledItem,-,setVersion:,0x2e2590,8,1,method.WCLGGlassInstalledItem.setVersion:
WCLGGlassInstalledItem,-,versionCode,0x2e2598,8,1,method.WCLGGlassInstalledItem.versionCode
WCLGGlassInstalledItem,-,setVersionCode:,0x2e25a0,8,1,method.WCLGGlassInstalledItem.setVersionCode:
WCLGGlassInstalledItem,-,importPath,0x2e25a8,8,1,method.WCLGGlassInstalledItem.importPath
WCLGGlassInstalledItem,-,setImportPath:,0x2e25b0,8,1,method.WCLGGlassInstalledItem.setImportPath:
WCLGGlassInstalledItem,-,importedAt,0x2e25b8,8,1,method.WCLGGlassInstalledItem.importedAt
WCLGGlassInstalledItem,-,setImportedAt:,0x2e25c0,8,1,method.WCLGGlassInstalledItem.setImportedAt:
WCLGGlassPackage,+,supportDir,0x2e2628,516,3,method.class.WCLGGlassPackage.supportDir
WCLGGlassPackage,+,vaultDir,0x2e282c,356,3,method.class.WCLGGlassPackage.vaultDir
WCLGGlassPackage,+,vaultPathForTheme:,0x2e2990,340,3,method.class.WCLGGlassPackage.vaultPathForTheme:
WCLGGlassPackage,+,indexPath,0x2e2ae4,364,3,method.class.WCLGGlassPackage.indexPath
WCLGGlassPackage,+,performConfidentialityMigrationIfNeeded,0x2e2c50,8128,103,method.class.WCLGGlassPackage.performConfidentialityMigrationIfNeeded
WCLGGlassPackage,+,loadIndex,0x2e4c10,324,7,method.class.WCLGGlassPackage.loadIndex
WCLGGlassPackage,+,saveIndex:,0x2e4d54,132,1,method.class.WCLGGlassPackage.saveIndex:
WCLGGlassPackage,+,decryptContainer:themeId:wxid:signKey:glassMaster:error:,0x2e4dd8,3028,42,method.class.WCLGGlassPackage.decryptContainer:themeId:wxid:signKey:glassMaster:error:
WCLGGlassPackage,+,importGlassData:wxid:signKey:glassMaster:iconURL:error:,0x2e5ecc,4956,53,method.class.WCLGGlassPackage.importGlassData:wxid:signKey:glassMaster:iconURL:error:
WCLGGlassPackage,+,invalidateMemoryCacheForTheme:,0x2e7228,84,3,method.class.WCLGGlassPackage.invalidateMemoryCacheForTheme:
WCLGGlassPackage,+,decryptedPayloadForTheme:error:,0x2e727c,808,14,method.class.WCLGGlassPackage.decryptedPayloadForTheme:error:
WCLGGlassPackage,+,filesForTheme:,0x2e75a4,1164,24,method.class.WCLGGlassPackage.filesForTheme:
WCLGGlassPackage,+,manifestForTheme:,0x2e7a30,112,3,method.class.WCLGGlassPackage.manifestForTheme:
WCLGGlassPackage,+,cardHTMLForTheme:,0x2e7aa0,928,22,method.class.WCLGGlassPackage.cardHTMLForTheme:
WCLGGlassPackage,+,installedVersionMap,0x2e7e40,800,15,method.class.WCLGGlassPackage.installedVersionMap
WCLGGlassPackage,+,installedItems,0x2e8160,2504,12,method.class.WCLGGlassPackage.installedItems
WCLGGlassPackage,+,nameForTheme:,0x2e8b9c,536,6,method.class.WCLGGlassPackage.nameForTheme:
WCLGGlassPackage,+,typeForTheme:,0x2e8db4,380,3,method.class.WCLGGlassPackage.typeForTheme:
WCLGGlassPackage,+,activeInstalledThemeIdForType:,0x2e8f30,1760,19,method.class.WCLGGlassPackage.activeInstalledThemeIdForType:
WCLGGlassPackage,+,applyInstalled:,0x2e9610,3820,20,method.class.WCLGGlassPackage.applyInstalled:
WCLGGlassPackage,+,deactivateInstalledThemeForType:,0x2ea4fc,724,9,method.class.WCLGGlassPackage.deactivateInstalledThemeForType:
WCLGGlassPackage,+,removeInstalled:,0x2ea9f8,1988,14,method.class.WCLGGlassPackage.removeInstalled:
WCLGGlassTheme,-,themeId,0x2ed314,8,1,method.WCLGGlassTheme.themeId
WCLGGlassTheme,-,setThemeId:,0x2ed31c,8,1,method.WCLGGlassTheme.setThemeId:
WCLGGlassTheme,-,type,0x2ed324,8,1,method.WCLGGlassTheme.type
WCLGGlassTheme,-,setType:,0x2ed32c,8,1,method.WCLGGlassTheme.setType:
WCLGGlassTheme,-,name,0x2ed334,8,1,method.WCLGGlassTheme.name
WCLGGlassTheme,-,setName:,0x2ed33c,8,1,method.WCLGGlassTheme.setName:
WCLGGlassTheme,-,subtitle,0x2ed344,8,1,method.WCLGGlassTheme.subtitle
WCLGGlassTheme,-,setSubtitle:,0x2ed34c,8,1,method.WCLGGlassTheme.setSubtitle:
WCLGGlassTheme,-,authorName,0x2ed354,8,1,method.WCLGGlassTheme.authorName
WCLGGlassTheme,-,setAuthorName:,0x2ed35c,8,1,method.WCLGGlassTheme.setAuthorName:
WCLGGlassTheme,-,desc,0x2ed364,8,1,method.WCLGGlassTheme.desc
WCLGGlassTheme,-,setDesc:,0x2ed36c,8,1,method.WCLGGlassTheme.setDesc:
WCLGGlassTheme,-,iconURL,0x2ed374,8,1,method.WCLGGlassTheme.iconURL
WCLGGlassTheme,-,setIconURL:,0x2ed37c,8,1,method.WCLGGlassTheme.setIconURL:
WCLGGlassTheme,-,previewURLs,0x2ed384,8,1,method.WCLGGlassTheme.previewURLs
WCLGGlassTheme,-,setPreviewURLs:,0x2ed38c,8,1,method.WCLGGlassTheme.setPreviewURLs:
WCLGGlassTheme,-,version,0x2ed394,8,1,method.WCLGGlassTheme.version
WCLGGlassTheme,-,setVersion:,0x2ed39c,8,1,method.WCLGGlassTheme.setVersion:
WCLGGlassTheme,-,versionCode,0x2ed3a4,8,1,method.WCLGGlassTheme.versionCode
WCLGGlassTheme,-,setVersionCode:,0x2ed3ac,8,1,method.WCLGGlassTheme.setVersionCode:
WCLGGlassTheme,-,versionId,0x2ed3b4,8,1,method.WCLGGlassTheme.versionId
WCLGGlassTheme,-,setVersionId:,0x2ed3bc,8,1,method.WCLGGlassTheme.setVersionId:
WCLGGlassTheme,-,changelog,0x2ed3c4,8,1,method.WCLGGlassTheme.changelog
WCLGGlassTheme,-,setChangelog:,0x2ed3cc,8,1,method.WCLGGlassTheme.setChangelog:
WCLGGlassTheme,-,hasUpdate,0x2ed3d4,8,1,method.WCLGGlassTheme.hasUpdate
WCLGGlassTheme,-,setHasUpdate:,0x2ed3dc,8,1,method.WCLGGlassTheme.setHasUpdate:
WCLGGlassTheme,-,installed,0x2ed3e4,8,1,method.WCLGGlassTheme.installed
WCLGGlassTheme,-,setInstalled:,0x2ed3ec,8,1,method.WCLGGlassTheme.setInstalled:
WCLGGlassTheme,-,parentThemeId,0x2ed3f4,8,1,method.WCLGGlassTheme.parentThemeId
WCLGGlassTheme,-,setParentThemeId:,0x2ed3fc,8,1,method.WCLGGlassTheme.setParentThemeId:
WCLGGlassTheme,-,subPackages,0x2ed404,8,1,method.WCLGGlassTheme.subPackages
WCLGGlassTheme,-,setSubPackages:,0x2ed40c,8,1,method.WCLGGlassTheme.setSubPackages:
WCGMultiDownloader,-,start,0x2ed4a4,1156,15,method.WCGMultiDownloader.start
WCGMultiDownloader,-,fetchRange:session:,0x2ed9dc,1164,3,method.WCGMultiDownloader.fetchRange:session:
WCGMultiDownloader,-,emit,0x2ee110,440,7,method.WCGMultiDownloader.emit
WCGMultiDownloader,-,finishOnMain:,0x2ee2fc,136,1,method.WCGMultiDownloader.finishOnMain:
WCGMultiDownloader,-,base,0x2ee44c,8,1,method.WCGMultiDownloader.base
WCGMultiDownloader,-,setBase:,0x2ee454,8,1,method.WCGMultiDownloader.setBase:
WCGMultiDownloader,-,token,0x2ee45c,8,1,method.WCGMultiDownloader.token
WCGMultiDownloader,-,setToken:,0x2ee464,8,1,method.WCGMultiDownloader.setToken:
WCGMultiDownloader,-,size,0x2ee46c,8,1,method.WCGMultiDownloader.size
WCGMultiDownloader,-,setSize:,0x2ee474,8,1,method.WCGMultiDownloader.setSize:
WCGMultiDownloader,-,threads,0x2ee47c,8,1,method.WCGMultiDownloader.threads
WCGMultiDownloader,-,setThreads:,0x2ee484,8,1,method.WCGMultiDownloader.setThreads:
WCGMultiDownloader,-,buffer,0x2ee48c,8,1,method.WCGMultiDownloader.buffer
WCGMultiDownloader,-,setBuffer:,0x2ee494,12,1,method.WCGMultiDownloader.setBuffer:
WCGMultiDownloader,-,received,0x2ee4a0,8,1,method.WCGMultiDownloader.received
WCGMultiDownloader,-,setReceived:,0x2ee4a8,8,1,method.WCGMultiDownloader.setReceived:
WCGMultiDownloader,-,pending,0x2ee4b0,8,1,method.WCGMultiDownloader.pending
WCGMultiDownloader,-,setPending:,0x2ee4b8,8,1,method.WCGMultiDownloader.setPending:
WCGMultiDownloader,-,failed,0x2ee4c0,8,1,method.WCGMultiDownloader.failed
WCGMultiDownloader,-,setFailed:,0x2ee4c8,8,1,method.WCGMultiDownloader.setFailed:
WCGMultiDownloader,-,lock,0x2ee4d0,8,1,method.WCGMultiDownloader.lock
WCGMultiDownloader,-,setLock:,0x2ee4d8,12,1,method.WCGMultiDownloader.setLock:
WCGMultiDownloader,-,speedTimer,0x2ee4e4,8,1,method.WCGMultiDownloader.speedTimer
WCGMultiDownloader,-,setSpeedTimer:,0x2ee4ec,12,1,method.WCGMultiDownloader.setSpeedTimer:
WCGMultiDownloader,-,lastSampleBytes,0x2ee4f8,8,1,method.WCGMultiDownloader.lastSampleBytes
WCGMultiDownloader,-,setLastSampleBytes:,0x2ee500,8,1,method.WCGMultiDownloader.setLastSampleBytes:
WCGMultiDownloader,-,lastSampleTime,0x2ee508,8,1,method.WCGMultiDownloader.lastSampleTime
WCGMultiDownloader,-,setLastSampleTime:,0x2ee510,8,1,method.WCGMultiDownloader.setLastSampleTime:
WCGMultiDownloader,-,progress,0x2ee518,8,1,method.WCGMultiDownloader.progress
WCGMultiDownloader,-,setProgress:,0x2ee520,8,1,method.WCGMultiDownloader.setProgress:
WCGMultiDownloader,-,done,0x2ee528,8,1,method.WCGMultiDownloader.done
WCGMultiDownloader,-,setDone:,0x2ee530,8,1,method.WCGMultiDownloader.setDone:
WCLGGlassStore,+,shared,0x2ee5a4,48,3,method.class.WCLGGlassStore.shared
WCLGGlassStore,-,apiPubKey,0x2ee608,6080,5,method.WCLGGlassStore.apiPubKey
WCLGGlassStore,-,signPubKey,0x2f01a0,6036,5,method.WCLGGlassStore.signPubKey
WCLGGlassStore,-,currentWXID,0x2f1934,88,1,method.WCLGGlassStore.currentWXID
WCLGGlassStore,-,buildRequest:requestKey:nonce:,0x2f198c,4616,22,method.WCLGGlassStore.buildRequest:requestKey:nonce:
WCLGGlassStore,-,decryptResponse:requestKey:nonce:,0x2f3140,4644,33,method.WCLGGlassStore.decryptResponse:requestKey:nonce:
WCLGGlassStore,-,postPath:payload:completion:,0x2f45b4,2552,6,method.WCLGGlassStore.postPath:payload:completion:
WCLGGlassStore,-,themeFromDict:,0x2f52d8,4388,19,method.WCLGGlassStore.themeFromDict:
WCLGGlassStore,-,fetchCatalogWithCompletion:,0x2f63fc,1604,8,method.WCLGGlassStore.fetchCatalogWithCompletion:
WCLGGlassStore,-,fetchCardPreviewHTMLForTheme:completion:,0x2f706c,2144,17,method.WCLGGlassStore.fetchCardPreviewHTMLForTheme:completion:
WCLGGlassStore,-,downloadAndImportTheme:completion:,0x2f9210,20,1,method.WCLGGlassStore.downloadAndImportTheme:completion:
WCLGGlassStore,-,downloadAndImportTheme:progress:completion:,0x2f9224,1636,8,method.WCLGGlassStore.downloadAndImportTheme:progress:completion:
WCLGGlassStore,-,glassSignKey,0x2fa730,12,1,method.WCLGGlassStore.glassSignKey
WCLGGlassStore,-,glassMasterKey,0x2fa73c,528,3,method.WCLGGlassStore.glassMasterKey
WCLGGlassStore,-,revokeTheme:completion:,0x2fa94c,1132,8,method.WCLGGlassStore.revokeTheme:completion:
WCLGGlassStore,-,setApiPubKey:,0x2faec0,8,1,method.WCLGGlassStore.setApiPubKey:
WCLGGlassStore,-,setSignPubKey:,0x2faec8,8,1,method.WCLGGlassStore.setSignPubKey:
WCLGGlassBackgroundView,-,initWithFrame:,0x2faed0,1184,5,method.WCLGGlassBackgroundView.initWithFrame:
WCLGGlassBackgroundView,-,isDark,0x2fb370,80,1,method.WCLGGlassBackgroundView.isDark
WCLGGlassBackgroundView,-,colorsA,0x2fb3c0,608,6,method.WCLGGlassBackgroundView.colorsA
WCLGGlassBackgroundView,-,colorsB,0x2fb620,612,6,method.WCLGGlassBackgroundView.colorsB
WCLGGlassBackgroundView,-,updateColors,0x2fb884,448,4,method.WCLGGlassBackgroundView.updateColors
WCLGGlassBackgroundView,-,layoutSubviews,0x2fba44,344,1,method.WCLGGlassBackgroundView.layoutSubviews
WCLGGlassBackgroundView,-,traitCollectionDidChange:,0x2fbb9c,204,3,method.WCLGGlassBackgroundView.traitCollectionDidChange:
WCLGGlassBackgroundView,-,startAnimations,0x2fbc68,556,5,method.WCLGGlassBackgroundView.startAnimations
WCLGGlassBackgroundView,-,gradA,0x2fbe94,16,1,method.WCLGGlassBackgroundView.gradA
WCLGGlassBackgroundView,-,setGradA:,0x2fbea4,20,1,method.WCLGGlassBackgroundView.setGradA:
WCLGGlassBackgroundView,-,gradB,0x2fbeb8,16,1,method.WCLGGlassBackgroundView.gradB
WCLGGlassBackgroundView,-,setGradB:,0x2fbec8,20,1,method.WCLGGlassBackgroundView.setGradB:
WCLGGlassUI,+,cardColor,0x2fbf1c,28,1,method.class.WCLGGlassUI.cardColor
WCLGGlassUI,+,cardBorderColor,0x2fbf8c,28,1,method.class.WCLGGlassUI.cardBorderColor
WCLGGlassUI,+,accentColor,0x2fbffc,44,1,method.class.WCLGGlassUI.accentColor
WCLGGlassUI,+,themePlaceholderImageForType:,0x2fc028,316,5,method.class.WCLGGlassUI.themePlaceholderImageForType:
WCLGGlassUI,+,showToast:inView:,0x2fc878,1564,7,method.class.WCLGGlassUI.showToast:inView:
WCLGGlassUI,+,imageCache,0x2fd084,48,3,method.class.WCLGGlassUI.imageCache
WCLGGlassUI,+,imageCacheQueue,0x2fd118,48,3,method.class.WCLGGlassUI.imageCacheQueue
WCLGGlassUI,+,imageInflightRequests,0x2fd3c4,48,3,method.class.WCLGGlassUI.imageInflightRequests
WCLGGlassUI,+,normalizedImageURLString:,0x2fd430,632,14,method.class.WCLGGlassUI.normalizedImageURLString:
WCLGGlassUI,+,themeIconCacheDirectory,0x2fd6a8,48,3,method.class.WCLGGlassUI.themeIconCacheDirectory
WCLGGlassUI,+,themeIconCachePathForURL:,0x2fda7c,636,10,method.class.WCLGGlassUI.themeIconCachePathForURL:
WCLGGlassUI,+,memoryCostForImage:fallback:,0x2fdcf8,112,4,method.class.WCLGGlassUI.memoryCostForImage:fallback:
WCLGGlassUI,+,decodedImageFromData:,0x2fdd68,260,10,method.class.WCLGGlassUI.decodedImageFromData:
WCLGGlassUI,+,themeIconImageFromDiskForURL:,0x2fde6c,740,14,method.class.WCLGGlassUI.themeIconImageFromDiskForURL:
WCLGGlassUI,+,trimThemeIconDiskCacheIfNeeded,0x2fe150,1896,32,method.class.WCLGGlassUI.trimThemeIconDiskCacheIfNeeded
WCLGGlassUI,+,registerImageRequestForKey:completion:,0x2fe9d0,380,7,method.class.WCLGGlassUI.registerImageRequestForKey:completion:
WCLGGlassUI,+,finishImageRequestForKey:image:,0x2feb60,356,3,method.class.WCLGGlassUI.finishImageRequestForKey:image:
WCLGGlassUI,+,requestImageAtURLString:persistToDisk:completion:,0x2fede8,880,7,method.class.WCLGGlassUI.requestImageAtURLString:persistToDisk:completion:
WCLGGlassUI,+,prewarmThemeIconCacheForURLs:completion:,0x2ff77c,680,16,method.class.WCLGGlassUI.prewarmThemeIconCacheForURLs:completion:
WCLGGlassUI,+,loadImage:into:,0x2ffbcc,20,1,method.class.WCLGGlassUI.loadImage:into:
WCLGGlassUI,+,loadImage:themeType:into:,0x2ffbe0,880,15,method.class.WCLGGlassUI.loadImage:themeType:into:
WCLGGroupMemberPicker,+,presentForGroupID:title:preselectedMembers:sessionUsernames:fromController:onComplete:,0x30000c,2132,63,method.class.WCLGGroupMemberPicker.presentForGroupID:title:preselectedMembers:sessionUsernames:fromController:onComplete:
WCLGGroupMemberPicker,+,presentSingleSelectWithTitle:excludeMembers:fromController:onPick:,0x300860,2092,63,method.class.WCLGGroupMemberPicker.presentSingleSelectWithTitle:excludeMembers:fromController:onPick:
WCLGGroupMemberPicker,-,viewDidLoad,0x30108c,2744,30,method.WCLGGroupMemberPicker.viewDidLoad
WCLGGroupMemberPicker,-,setupSingleSelect,0x301b44,2132,22,method.WCLGGroupMemberPicker.setupSingleSelect
WCLGGroupMemberPicker,-,onSingleModeChanged:,0x302398,896,20,method.WCLGGroupMemberPicker.onSingleModeChanged:
WCLGGroupMemberPicker,-,buildSessionRows,0x302718,3768,132,method.WCLGGroupMemberPicker.buildSessionRows
WCLGGroupMemberPicker,-,ensureContactsLoaded,0x3036ac,1744,39,method.WCLGGroupMemberPicker.ensureContactsLoaded
WCLGGroupMemberPicker,-,ensureLabelsLoaded,0x303d7c,5376,92,method.WCLGGroupMemberPicker.ensureLabelsLoaded
WCLGGroupMemberPicker,-,ensureChatroomsLoaded,0x30527c,3524,64,method.WCLGGroupMemberPicker.ensureChatroomsLoaded
WCLGGroupMemberPicker,-,applyFilter,0x306040,3172,111,method.WCLGGroupMemberPicker.applyFilter
WCLGGroupMemberPicker,-,onModeChanged:,0x306ca4,1848,49,method.WCLGGroupMemberPicker.onModeChanged:
WCLGGroupMemberPicker,-,updateDoneTitle,0x3073dc,1408,43,method.WCLGGroupMemberPicker.updateDoneTitle
WCLGGroupMemberPicker,-,onCancel,0x30795c,140,6,method.WCLGGroupMemberPicker.onCancel
WCLGGroupMemberPicker,-,onDone,0x3079e8,360,6,method.WCLGGroupMemberPicker.onDone
WCLGGroupMemberPicker,-,searchBar:textDidChange:,0x307c9c,148,6,method.WCLGGroupMemberPicker.searchBar:textDidChange:
WCLGGroupMemberPicker,-,searchBarSearchButtonClicked:,0x307d30,132,6,method.WCLGGroupMemberPicker.searchBarSearchButtonClicked:
WCLGGroupMemberPicker,-,tableView:numberOfRowsInSection:,0x307db4,192,6,sym.func.00307db4
WCLGGroupMemberPicker,-,tableView:cellForRowAtIndexPath:,0x307e74,6864,195,sym.func.00307e74
WCLGGroupMemberPicker,-,tableView:titleForHeaderInSection:,0x309f18,2648,68,method.WCLGGroupMemberPicker.tableView:titleForHeaderInSection:
WCLGGroupMemberPicker,-,tableView:didSelectRowAtIndexPath:,0x30a970,6872,237,method.WCLGGroupMemberPicker.tableView:didSelectRowAtIndexPath:
WCLGGroupMemberPicker,-,groupID,0x30c58c,108,6,method.WCLGGroupMemberPicker.groupID
WCLGGroupMemberPicker,-,setGroupID:,0x30c5f8,152,6,method.WCLGGroupMemberPicker.setGroupID:
WCLGGroupMemberPicker,-,onComplete,0x30c690,108,6,method.WCLGGroupMemberPicker.onComplete
WCLGGroupMemberPicker,-,setOnComplete:,0x30c6fc,156,6,method.WCLGGroupMemberPicker.setOnComplete:
WCLGGroupMemberPicker,-,selected,0x30c798,104,6,method.WCLGGroupMemberPicker.selected
WCLGGroupMemberPicker,-,setSelected:,0x30c800,156,6,method.WCLGGroupMemberPicker.setSelected:
WCLGGroupMemberPicker,-,sessionUsernames,0x30c89c,108,6,method.WCLGGroupMemberPicker.sessionUsernames
WCLGGroupMemberPicker,-,setSessionUsernames:,0x30c908,136,6,method.WCLGGroupMemberPicker.setSessionUsernames:
WCLGGroupMemberPicker,-,sessionRows,0x30c990,108,6,method.WCLGGroupMemberPicker.sessionRows
WCLGGroupMemberPicker,-,setSessionRows:,0x30c9fc,156,6,method.WCLGGroupMemberPicker.setSessionRows:
WCLGGroupMemberPicker,-,contactRows,0x30ca98,104,6,method.WCLGGroupMemberPicker.contactRows
WCLGGroupMemberPicker,-,setContactRows:,0x30cb00,124,6,method.WCLGGroupMemberPicker.setContactRows:
WCLGGroupMemberPicker,-,filteredRows,0x30cb7c,104,6,method.WCLGGroupMemberPicker.filteredRows
WCLGGroupMemberPicker,-,setFilteredRows:,0x30cbe4,156,6,method.WCLGGroupMemberPicker.setFilteredRows:
WCLGGroupMemberPicker,-,labels,0x30cc80,104,6,method.WCLGGroupMemberPicker.labels
WCLGGroupMemberPicker,-,setLabels:,0x30cce8,148,6,method.WCLGGroupMemberPicker.setLabels:
WCLGGroupMemberPicker,-,chatroomRows,0x30cd7c,104,6,method.WCLGGroupMemberPicker.chatroomRows
WCLGGroupMemberPicker,-,setChatroomRows:,0x30cde4,152,6,method.WCLGGroupMemberPicker.setChatroomRows:
WCLGGroupMemberPicker,-,contactsLoaded,0x30ce7c,108,6,method.WCLGGroupMemberPicker.contactsLoaded
WCLGGroupMemberPicker,-,setContactsLoaded:,0x30cee8,104,6,method.WCLGGroupMemberPicker.setContactsLoaded:
WCLGGroupMemberPicker,-,labelsLoaded,0x30cf50,108,6,method.WCLGGroupMemberPicker.labelsLoaded
WCLGGroupMemberPicker,-,setLabelsLoaded:,0x30cfbc,112,6,method.WCLGGroupMemberPicker.setLabelsLoaded:
WCLGGroupMemberPicker,-,chatroomsLoaded,0x30d02c,112,6,method.WCLGGroupMemberPicker.chatroomsLoaded
WCLGGroupMemberPicker,-,setChatroomsLoaded:,0x30d09c,96,6,method.WCLGGroupMemberPicker.setChatroomsLoaded:
WCLGGroupMemberPicker,-,singleSelect,0x30d0fc,104,6,method.WCLGGroupMemberPicker.singleSelect
WCLGGroupMemberPicker,-,setSingleSelect:,0x30d164,100,6,method.WCLGGroupMemberPicker.setSingleSelect:
WCLGGroupMemberPicker,-,onPick,0x30d1c8,104,6,method.WCLGGroupMemberPicker.onPick
WCLGGroupMemberPicker,-,setOnPick:,0x30d230,152,6,method.WCLGGroupMemberPicker.setOnPick:
WCLGGroupMemberPicker,-,excluded,0x30d2c8,104,6,method.WCLGGroupMemberPicker.excluded
WCLGGroupMemberPicker,-,setExcluded:,0x30d330,160,6,method.WCLGGroupMemberPicker.setExcluded:
WCLGGroupMemberPicker,-,mode,0x30d3d0,104,6,method.WCLGGroupMemberPicker.mode
WCLGGroupMemberPicker,-,setMode:,0x30d438,108,6,method.WCLGGroupMemberPicker.setMode:
WCLGGroupMemberPicker,-,segmented,0x30d4a4,104,6,method.WCLGGroupMemberPicker.segmented
WCLGGroupMemberPicker,-,setSegmented:,0x30d50c,148,6,method.WCLGGroupMemberPicker.setSegmented:
WCLGGroupMemberPicker,-,tableView,0x30d5a0,108,6,method.WCLGGroupMemberPicker.tableView
WCLGGroupMemberPicker,-,setTableView:,0x30d60c,152,6,method.WCLGGroupMemberPicker.setTableView:
WCLGGroupMemberPicker,-,searchBar,0x30d6a4,104,6,method.WCLGGroupMemberPicker.searchBar
WCLGGroupMemberPicker,-,setSearchBar:,0x30d70c,148,6,method.WCLGGroupMemberPicker.setSearchBar:
WCLGGroupMemberPicker,-,searchText,0x30d7a0,104,6,method.WCLGGroupMemberPicker.searchText
WCLGGroupMemberPicker,-,setSearchText:,0x30d808,100,6,method.WCLGGroupMemberPicker.setSearchText:
WCLGGroupMemberPicker,-,tableView:numberOfRowsInSection:,0x468b00,0,0,
WCLGGroupMemberPicker,-,tableView:cellForRowAtIndexPath:,0x468b0c,0,0,
WCLGFriendCapsuleButton,+,wclgCapsuleConfiguration,0x3130c0,648,6,method.class.WCLGFriendCapsuleButton.wclgCapsuleConfiguration
WCLGFriendCapsuleButton,-,initWithFrame:,0x313348,1436,6,method.WCLGFriendCapsuleButton.initWithFrame:
WCLGFriendCapsuleButton,-,didMoveToWindow,0x313b00,212,7,method.WCLGFriendCapsuleButton.didMoveToWindow
WCLGFriendCapsuleButton,-,configureUsername:unread:,0x313be8,1112,3,method.WCLGFriendCapsuleButton.configureUsername:unread:
WCLGFriendCapsuleButton,-,setUnreadCount:,0x3141c4,836,11,method.WCLGFriendCapsuleButton.setUnreadCount:
WCLGFriendCapsuleButton,-,layoutSubviews,0x314508,1948,3,method.WCLGFriendCapsuleButton.layoutSubviews
WCLGFriendCapsuleButton,-,setHighlighted:,0x314ca4,240,4,method.WCLGFriendCapsuleButton.setHighlighted:
WCLGFriendCapsuleButton,-,wclgHandleTap,0x314f18,280,4,method.WCLGFriendCapsuleButton.wclgHandleTap
WCLGFriendCapsuleButton,-,wclgHandleLongPress:,0x315030,304,5,method.WCLGFriendCapsuleButton.wclgHandleLongPress:
WCLGFriendCapsuleButton,-,username,0x315160,16,1,method.WCLGFriendCapsuleButton.username
WCLGFriendCapsuleButton,-,setUsername:,0x315170,12,1,method.WCLGFriendCapsuleButton.setUsername:
WCLGFriendCapsuleButton,-,avatarView,0x31517c,16,1,method.WCLGFriendCapsuleButton.avatarView
WCLGFriendCapsuleButton,-,setAvatarView:,0x31518c,20,1,method.WCLGFriendCapsuleButton.setAvatarView:
WCLGFriendCapsuleButton,-,nameLabel,0x3151a0,16,1,method.WCLGFriendCapsuleButton.nameLabel
WCLGFriendCapsuleButton,-,setNameLabel:,0x3151b0,20,1,method.WCLGFriendCapsuleButton.setNameLabel:
WCLGFriendCapsuleButton,-,badgeLabel,0x3151c4,16,1,method.WCLGFriendCapsuleButton.badgeLabel
WCLGFriendCapsuleButton,-,setBadgeLabel:,0x3151d4,20,1,method.WCLGFriendCapsuleButton.setBadgeLabel:
WCLGFriendCapsuleButton,-,fallbackGlassView,0x3151e8,16,1,method.WCLGFriendCapsuleButton.fallbackGlassView
WCLGFriendCapsuleButton,-,setFallbackGlassView:,0x3151f8,20,1,method.WCLGFriendCapsuleButton.setFallbackGlassView:
WCLGFriendCapsuleButton,-,colorTintView,0x31520c,16,1,method.WCLGFriendCapsuleButton.colorTintView
WCLGFriendCapsuleButton,-,setColorTintView:,0x31521c,20,1,method.WCLGFriendCapsuleButton.setColorTintView:
WCLGFriendCapsuleButton,-,onTap,0x315230,16,1,method.WCLGFriendCapsuleButton.onTap
WCLGFriendCapsuleButton,-,setOnTap:,0x315240,12,1,method.WCLGFriendCapsuleButton.setOnTap:
WCLGFriendCapsuleButton,-,onLongPress,0x31524c,16,1,method.WCLGFriendCapsuleButton.onLongPress
WCLGFriendCapsuleButton,-,setOnLongPress:,0x31525c,12,1,method.WCLGFriendCapsuleButton.setOnLongPress:
WCLGHomeCapsulePinnedController,-,refresh,0x315320,4,1,method.WCLGHomeCapsulePinnedController.refresh
WCLGHomeCapsulePinnedController,-,presentActionsForUser:,0x315324,2420,12,method.WCLGHomeCapsulePinnedController.presentActionsForUser:
WCLGHomeCapsulePinnedController,-,presentNicknameEditorForUser:,0x316600,1516,9,method.WCLGHomeCapsulePinnedController.presentNicknameEditorForUser:
WCLGHomeCapsulePinnedController,-,replaceFriend:,0x316ffc,476,6,method.WCLGHomeCapsulePinnedController.replaceFriend:
WCLGHomeCapsulePinnedController,-,replaceAvatar:,0x3175bc,252,5,method.WCLGHomeCapsulePinnedController.replaceAvatar:
WCLGHomeCapsulePinnedController,-,removeUser:,0x3176b8,248,3,method.WCLGHomeCapsulePinnedController.removeUser:
WCLGHomeCapsulePinnedController,-,imagePickerController:didFinishPickingMediaWithInfo:,0x3177b0,412,4,method.WCLGHomeCapsulePinnedController.imagePickerController:didFinishPickingMediaWithInfo:
WCLGHomeCapsulePinnedController,-,imagePickerControllerDidCancel:,0x3179d0,100,1,method.WCLGHomeCapsulePinnedController.imagePickerControllerDidCancel:
WCLGHomeCapsulePinnedController,-,pendingAvatarUser,0x317a34,8,1,method.WCLGHomeCapsulePinnedController.pendingAvatarUser
WCLGHomeCapsulePinnedController,-,setPendingAvatarUser:,0x317a3c,8,1,method.WCLGHomeCapsulePinnedController.setPendingAvatarUser:
WCLGCapsulePinnedContainerView,-,pointInside:withEvent:,0x318464,568,19,method.WCLGCapsulePinnedContainerView.pointInside:withEvent:
WCLGFuncCardChromeView,-,traitCollectionDidChange:,0x31d90c,168,3,method.WCLGFuncCardChromeView.traitCollectionDidChange:
WCLGFuncCardLongPressTarget,+,shared,0x31f9b0,48,3,method.class.WCLGFuncCardLongPressTarget.shared
WCLGFuncCardLongPressTarget,-,onLongPress:,0x31fa0c,48,3,method.WCLGFuncCardLongPressTarget.onLongPress:
WCLGFuncCardLongPressTarget,-,gestureRecognizer:shouldRecognizeSimultaneouslyWithGestureRecognizer:,0x31fa3c,8,1,method.WCLGFuncCardLongPressTarget.gestureRecognizer:shouldRecognizeSimultaneouslyWithGestureRecognizer:
WCLGFuncCardDocPickerDelegate,-,documentPicker:didPickDocumentsAtURLs:,0x322208,1472,19,method.WCLGFuncCardDocPickerDelegate.documentPicker:didPickDocumentsAtURLs:
WCLGFuncCardDocPickerDelegate,-,documentPickerWasCancelled:,0x322960,16,1,method.WCLGFuncCardDocPickerDelegate.documentPickerWasCancelled:
WCLGFuncCardDocPickerDelegate,-,onChange,0x322970,8,1,method.WCLGFuncCardDocPickerDelegate.onChange
WCLGFuncCardDocPickerDelegate,-,setOnChange:,0x322978,8,1,method.WCLGFuncCardDocPickerDelegate.setOnChange:
WCLGFuncCardDocPickerDelegate,-,retainSelf,0x322980,8,1,method.WCLGFuncCardDocPickerDelegate.retainSelf
WCLGFuncCardDocPickerDelegate,-,setRetainSelf:,0x322988,12,1,method.WCLGFuncCardDocPickerDelegate.setRetainSelf:
WCLGGroupPill,+,pillConfigurationExpanded:,0x324614,1376,38,method.class.WCLGGroupPill.pillConfigurationExpanded:
WCLGGroupPill,-,initWithFrame:,0x324b74,1264,16,method.WCLGGroupPill.initWithFrame:
WCLGGroupPill,-,applyBadgeText,0x325064,1520,53,method.WCLGGroupPill.applyBadgeText
WCLGGroupPill,-,applyMemberText,0x325654,1060,38,method.WCLGGroupPill.applyMemberText
WCLGGroupPill,-,applyVisualStateExpanded:newButton:title:,0x325a78,6792,200,method.WCLGGroupPill.applyVisualStateExpanded:newButton:title:
WCLGGroupPill,-,setPillExpanded:,0x3277b4,576,21,method.WCLGGroupPill.setPillExpanded:
WCLGGroupPill,-,configureWithTitle:memberCount:badgeCount:expanded:newButton:textColor:,0x3279f4,1356,46,method.WCLGGroupPill.configureWithTitle:memberCount:badgeCount:expanded:newButton:textColor:
WCLGGroupPill,-,refreshBadgeCount:memberCount:,0x327f40,928,38,method.WCLGGroupPill.refreshBadgeCount:memberCount:
WCLGGroupPill,-,layoutSubviews,0x3282e0,2216,65,method.WCLGGroupPill.layoutSubviews
WCLGGroupPill,-,handleTap,0x328b88,752,29,method.WCLGGroupPill.handleTap
WCLGGroupPill,-,handleLongPress:,0x328e78,608,23,method.WCLGGroupPill.handleLongPress:
WCLGGroupPill,-,displayIndex,0x3290d8,108,6,method.WCLGGroupPill.displayIndex
WCLGGroupPill,-,setDisplayIndex:,0x329144,108,6,method.WCLGGroupPill.setDisplayIndex:
WCLGGroupPill,-,onTap,0x3291b0,108,6,method.WCLGGroupPill.onTap
WCLGGroupPill,-,setOnTap:,0x32921c,152,6,method.WCLGGroupPill.setOnTap:
WCLGGroupPill,-,onLongPress,0x3292b4,108,6,method.WCLGGroupPill.onLongPress
WCLGGroupPill,-,setOnLongPress:,0x329320,152,6,method.WCLGGroupPill.setOnLongPress:
WCLGGroupPill,-,badge,0x3293b8,108,6,method.WCLGGroupPill.badge
WCLGGroupPill,-,setBadge:,0x329424,148,6,method.WCLGGroupPill.setBadge:
WCLGGroupPill,-,badgeCount,0x3294b8,108,6,method.WCLGGroupPill.badgeCount
WCLGGroupPill,-,setBadgeCount:,0x329524,108,6,method.WCLGGroupPill.setBadgeCount:
WCLGGroupPill,-,countLabel,0x329590,104,6,method.WCLGGroupPill.countLabel
WCLGGroupPill,-,setCountLabel:,0x3295f8,164,6,method.WCLGGroupPill.setCountLabel:
WCLGGroupPill,-,memberCount,0x32969c,108,6,method.WCLGGroupPill.memberCount
WCLGGroupPill,-,setMemberCount:,0x329708,100,6,method.WCLGGroupPill.setMemberCount:
WCLGGroupPill,-,wclgExpanded,0x32976c,108,6,method.WCLGGroupPill.wclgExpanded
WCLGGroupPill,-,setWclgExpanded:,0x3297d8,104,6,method.WCLGGroupPill.setWclgExpanded:
WCLGGroupPill,-,wclgNewButton,0x329840,104,6,method.WCLGGroupPill.wclgNewButton
WCLGGroupPill,-,setWclgNewButton:,0x3298a8,104,6,method.WCLGGroupPill.setWclgNewButton:
WCLGGroupPill,-,wclgTitle,0x329910,104,6,method.WCLGGroupPill.wclgTitle
WCLGGroupPill,-,setWclgTitle:,0x329978,100,6,method.WCLGGroupPill.setWclgTitle:
WCLGHomeGroupBar,+,preferredHeight,0x329aa8,192,6,method.class.WCLGHomeGroupBar.preferredHeight
WCLGHomeGroupBar,-,initWithFrame:,0x329b68,872,14,method.WCLGHomeGroupBar.initWithFrame:
WCLGHomeGroupBar,-,dealloc,0x329ed0,192,6,method.WCLGHomeGroupBar.dealloc
WCLGHomeGroupBar,-,handleGroupsChanged,0x329f90,132,6,method.WCLGHomeGroupBar.handleGroupsChanged
WCLGHomeGroupBar,-,reloadGroups,0x32a014,1684,24,method.WCLGHomeGroupBar.reloadGroups
WCLGHomeGroupBar,-,reloadGroupsIfNeeded,0x32b504,908,39,method.WCLGHomeGroupBar.reloadGroupsIfNeeded
WCLGHomeGroupBar,-,setSelectedDisplayIndex:animated:,0x32b890,132,6,method.WCLGHomeGroupBar.setSelectedDisplayIndex:animated:
WCLGHomeGroupBar,-,refreshBadgesWithTable:,0x32b914,2676,100,method.WCLGHomeGroupBar.refreshBadgesWithTable:
WCLGHomeGroupBar,-,layoutSubviews,0x32c388,2820,81,method.WCLGHomeGroupBar.layoutSubviews
WCLGHomeGroupBar,-,scrollSelectedPillToVisibleIfNeededAnimated:,0x32ce8c,3100,118,method.WCLGHomeGroupBar.scrollSelectedPillToVisibleIfNeededAnimated:
WCLGHomeGroupBar,-,traitCollectionDidChange:,0x32daa8,412,14,method.WCLGHomeGroupBar.traitCollectionDidChange:
WCLGHomeGroupBar,-,delegate,0x32dc44,148,6,method.WCLGHomeGroupBar.delegate
WCLGHomeGroupBar,-,setDelegate:,0x32dcd8,108,6,method.WCLGHomeGroupBar.setDelegate:
WCLGHomeGroupBar,-,pills,0x32dd44,104,6,method.WCLGHomeGroupBar.pills
WCLGHomeGroupBar,-,setPills:,0x32ddac,156,6,method.WCLGHomeGroupBar.setPills:
WCLGHomeGroupBar,-,scroll,0x32de48,108,6,method.WCLGHomeGroupBar.scroll
WCLGHomeGroupBar,-,setScroll:,0x32deb4,164,6,method.WCLGHomeGroupBar.setScroll:
WCLGHomeGroupBar,-,lastScrolledExpandedIndex,0x32df58,108,6,method.WCLGHomeGroupBar.lastScrolledExpandedIndex
WCLGHomeGroupBar,-,setLastScrolledExpandedIndex:,0x32dfc4,100,6,method.WCLGHomeGroupBar.setLastScrolledExpandedIndex:
WCLGHomeGroupBar,-,wclgStructureToken,0x32e028,108,6,method.WCLGHomeGroupBar.wclgStructureToken
WCLGHomeGroupBar,-,setWclgStructureToken:,0x32e094,100,6,method.WCLGHomeGroupBar.setWclgStructureToken:
WCLGHGFullscreenDrawer,-,initWithController:fromLeft:anchorY:,0x3339e0,1048,6,method.WCLGHGFullscreenDrawer.initWithController:fromLeft:anchorY:
WCLGHGFullscreenDrawer,-,buildPillsWithFontSize:,0x333df8,5056,53,method.WCLGHGFullscreenDrawer.buildPillsWithFontSize:
WCLGHGFullscreenDrawer,-,handleBackdrop,0x3354b0,16,1,method.WCLGHGFullscreenDrawer.handleBackdrop
WCLGHGFullscreenDrawer,-,handlePill:,0x3354c0,120,1,method.WCLGHGFullscreenDrawer.handlePill:
WCLGHGFullscreenDrawer,-,pillIndexAtWindowPoint:,0x335538,432,8,method.WCLGHGFullscreenDrawer.pillIndexAtWindowPoint:
WCLGHGFullscreenDrawer,-,setHighlightedIndex:,0x3356e8,312,6,method.WCLGHGFullscreenDrawer.setHighlightedIndex:
WCLGHGFullscreenDrawer,-,commitSelection:,0x33599c,208,4,method.WCLGHGFullscreenDrawer.commitSelection:
WCLGHGFullscreenDrawer,-,presentInWindow:,0x335a6c,1576,23,method.WCLGHGFullscreenDrawer.presentInWindow:
WCLGHGFullscreenDrawer,-,dismissAnimated:,0x336180,448,8,method.WCLGHGFullscreenDrawer.dismissAnimated:
WCLGHGFullscreenDrawer,-,controller,0x336468,32,1,method.WCLGHGFullscreenDrawer.controller
WCLGHGFullscreenDrawer,-,setController:,0x336488,20,1,method.WCLGHGFullscreenDrawer.setController:
WCLGHGFullscreenDrawer,-,backdrop,0x33649c,16,1,method.WCLGHGFullscreenDrawer.backdrop
WCLGHGFullscreenDrawer,-,setBackdrop:,0x3364ac,20,1,method.WCLGHGFullscreenDrawer.setBackdrop:
WCLGHGFullscreenDrawer,-,column,0x3364c0,16,1,method.WCLGHGFullscreenDrawer.column
WCLGHGFullscreenDrawer,-,setColumn:,0x3364d0,20,1,method.WCLGHGFullscreenDrawer.setColumn:
WCLGHGFullscreenDrawer,-,fromLeft,0x3364e4,16,1,method.WCLGHGFullscreenDrawer.fromLeft
WCLGHGFullscreenDrawer,-,setFromLeft:,0x3364f4,16,1,method.WCLGHGFullscreenDrawer.setFromLeft:
WCLGHGFullscreenDrawer,-,columnWidth,0x336504,16,1,method.WCLGHGFullscreenDrawer.columnWidth
WCLGHGFullscreenDrawer,-,setColumnWidth:,0x336514,16,1,method.WCLGHGFullscreenDrawer.setColumnWidth:
WCLGHGFullscreenDrawer,-,anchorY,0x336524,16,1,method.WCLGHGFullscreenDrawer.anchorY
WCLGHGFullscreenDrawer,-,setAnchorY:,0x336534,16,1,method.WCLGHGFullscreenDrawer.setAnchorY:
WCLGHGFullscreenDrawer,-,pills,0x336544,16,1,method.WCLGHGFullscreenDrawer.pills
WCLGHGFullscreenDrawer,-,setPills:,0x336554,20,1,method.WCLGHGFullscreenDrawer.setPills:
WCLGHGFullscreenDrawer,-,highlightedIndex,0x336568,16,1,method.WCLGHGFullscreenDrawer.highlightedIndex
WCLGHGFullscreenDrawer,-,lockedScroll,0x336578,32,1,method.WCLGHGFullscreenDrawer.lockedScroll
WCLGHGFullscreenDrawer,-,setLockedScroll:,0x336598,20,1,method.WCLGHGFullscreenDrawer.setLockedScroll:
WCLGHGFullscreenDrawer,-,hapticGenerator,0x3365ac,16,1,method.WCLGHGFullscreenDrawer.hapticGenerator
WCLGHGFullscreenDrawer,-,setHapticGenerator:,0x3365bc,20,1,method.WCLGHGFullscreenDrawer.setHapticGenerator:
WCLGHGFullscreenGestureTarget,+,shared,0x336658,116,3,method.class.WCLGHGFullscreenGestureTarget.shared
WCLGHGFullscreenGestureTarget,-,handleEdgePan:,0x3366f4,592,20,method.WCLGHGFullscreenGestureTarget.handleEdgePan:
WCLGHGFullscreenGestureTarget,-,gestureRecognizer:shouldReceiveTouch:,0x336a18,72,1,method.WCLGHGFullscreenGestureTarget.gestureRecognizer:shouldReceiveTouch:
WCLGHGFullscreenGestureTarget,-,gestureRecognizer:shouldRecognizeSimultaneouslyWithGestureRecognizer:,0x336a60,8,1,method.WCLGHGFullscreenGestureTarget.gestureRecognizer:shouldRecognizeSimultaneouslyWithGestureRecognizer:
WCLGHGPassthroughView,-,hitTest:withEvent:,0x337404,104,1,method.WCLGHGPassthroughView.hitTest:withEvent:
WCLGSessionGroup,-,init,0x346474,456,14,method.WCLGSessionGroup.init
WCLGSessionGroup,-,isAllGroup,0x34663c,692,20,method.WCLGSessionGroup.isAllGroup
WCLGSessionGroup,-,containsSessionUsername:,0x3468f0,2676,101,method.WCLGSessionGroup.containsSessionUsername:
WCLGSessionGroup,-,containsSessionUsername:unreadCount:muted:showMutedUnread:,0x348844,1204,47,method.WCLGSessionGroup.containsSessionUsername:unreadCount:muted:showMutedUnread:
WCLGSessionGroup,-,dictionaryRepresentation,0x348cf8,1704,45,method.WCLGSessionGroup.dictionaryRepresentation
WCLGSessionGroup,+,groupWithDictionary:,0x3493a0,4140,141,method.class.WCLGSessionGroup.groupWithDictionary:
WCLGSessionGroup,-,groupID,0x34a3cc,100,6,method.WCLGSessionGroup.groupID
WCLGSessionGroup,-,setGroupID:,0x34a430,72,3,method.WCLGSessionGroup.setGroupID:
WCLGSessionGroup,-,title,0x34a478,100,6,method.WCLGSessionGroup.title
WCLGSessionGroup,-,setTitle:,0x34a4dc,72,3,method.WCLGSessionGroup.setTitle:
WCLGSessionGroup,-,members,0x34a524,100,6,method.WCLGSessionGroup.members
WCLGSessionGroup,-,setMembers:,0x34a588,72,3,method.WCLGSessionGroup.setMembers:
WCLGSessionGroup,-,rule,0x34a5d0,100,6,method.WCLGSessionGroup.rule
WCLGSessionGroup,-,setRule:,0x34a634,92,6,method.WCLGSessionGroup.setRule:
WCLGHomeGroups,+,sharedManager,0x34a724,540,22,method.class.WCLGHomeGroups.sharedManager
WCLGHomeGroups,-,init,0x34a9d0,452,14,method.WCLGHomeGroups.init
WCLGHomeGroups,-,loadFromDisk,0x34ab94,3468,93,method.WCLGHomeGroups.loadFromDisk
WCLGHomeGroups,-,seedDefaultGroupsIfNeeded,0x34b920,2356,47,method.WCLGHomeGroups.seedDefaultGroupsIfNeeded
WCLGHomeGroups,-,persistGroupsLocked,0x34c254,2108,59,method.WCLGHomeGroups.persistGroupsLocked
WCLGHomeGroups,-,enabled,0x34ca90,928,20,method.WCLGHomeGroups.enabled
WCLGHomeGroups,-,setEnabled:,0x34ce30,916,20,method.WCLGHomeGroups.setEnabled:
WCLGHomeGroups,-,tgMode,0x34d1c4,920,20,method.WCLGHomeGroups.tgMode
WCLGHomeGroups,-,setTgMode:,0x34d55c,900,20,method.WCLGHomeGroups.setTgMode:
WCLGHomeGroups,-,hideGroupArrow,0x34d8e0,876,20,method.WCLGHomeGroups.hideGroupArrow
WCLGHomeGroups,-,setHideGroupArrow:,0x34dc4c,968,20,method.WCLGHomeGroups.setHideGroupArrow:
WCLGHomeGroups,-,stripPillFontSize,0x34e014,1104,26,method.WCLGHomeGroups.stripPillFontSize
WCLGHomeGroups,-,setStripPillFontSize:,0x34e464,1016,20,method.WCLGHomeGroups.setStripPillFontSize:
WCLGHomeGroups,-,stripPillWidth,0x34e85c,1200,26,method.WCLGHomeGroups.stripPillWidth
WCLGHomeGroups,-,setStripPillWidth:,0x34ed0c,1012,20,method.WCLGHomeGroups.setStripPillWidth:
WCLGHomeGroups,-,stripVerticalOffset,0x34f100,1376,28,method.WCLGHomeGroups.stripVerticalOffset
WCLGHomeGroups,-,setStripVerticalOffset:,0x34f660,1172,20,method.WCLGHomeGroups.setStripVerticalOffset:
WCLGHomeGroups,-,defaultExpandedGroupID,0x34faf4,1256,28,method.WCLGHomeGroups.defaultExpandedGroupID
WCLGHomeGroups,-,setDefaultExpandedGroupID:,0x34ffdc,1084,20,method.WCLGHomeGroups.setDefaultExpandedGroupID:
WCLGHomeGroups,-,unreadGroupShowMuted,0x350418,1036,20,method.WCLGHomeGroups.unreadGroupShowMuted
WCLGHomeGroups,-,setUnreadGroupShowMuted:,0x350824,1052,20,method.WCLGHomeGroups.setUnreadGroupShowMuted:
WCLGHomeGroups,-,swipeEnabled,0x350c40,976,20,method.WCLGHomeGroups.swipeEnabled
WCLGHomeGroups,-,setSwipeEnabled:,0x351010,1016,20,method.WCLGHomeGroups.setSwipeEnabled:
WCLGHomeGroups,-,animationEnabled,0x351408,1016,20,method.WCLGHomeGroups.animationEnabled
WCLGHomeGroups,-,setAnimationEnabled:,0x351800,1052,20,method.WCLGHomeGroups.setAnimationEnabled:
WCLGHomeGroups,-,filterPinned,0x351c1c,976,20,method.WCLGHomeGroups.filterPinned
WCLGHomeGroups,-,setFilterPinned:,0x351fec,1008,20,method.WCLGHomeGroups.setFilterPinned:
WCLGHomeGroups,-,showBadge,0x3523dc,940,20,method.WCLGHomeGroups.showBadge
WCLGHomeGroups,-,setShowBadge:,0x352788,964,20,method.WCLGHomeGroups.setShowBadge:
WCLGHomeGroups,-,showUnreadBadge,0x352b4c,1000,20,method.WCLGHomeGroups.showUnreadBadge
WCLGHomeGroups,-,setShowUnreadBadge:,0x352f34,1076,20,method.WCLGHomeGroups.setShowUnreadBadge:
WCLGHomeGroups,-,groupTapHapticEnabled,0x353368,908,20,method.WCLGHomeGroups.groupTapHapticEnabled
WCLGHomeGroups,-,setGroupTapHapticEnabled:,0x3536f4,932,20,method.WCLGHomeGroups.setGroupTapHapticEnabled:
WCLGHomeGroups,-,textColorMode,0x353a98,1188,26,method.WCLGHomeGroups.textColorMode
WCLGHomeGroups,-,setTextColorMode:,0x353f3c,1028,20,method.WCLGHomeGroups.setTextColorMode:
WCLGHomeGroups,-,pillColorMode,0x354340,1180,26,method.WCLGHomeGroups.pillColorMode
WCLGHomeGroups,-,setPillColorMode:,0x3547dc,1032,20,method.WCLGHomeGroups.setPillColorMode:
WCLGHomeGroups,-,pillSelectedColorMode,0x354be4,1328,26,method.WCLGHomeGroups.pillSelectedColorMode
WCLGHomeGroups,-,setPillSelectedColorMode:,0x355114,1168,20,method.WCLGHomeGroups.setPillSelectedColorMode:
WCLGHomeGroups,-,badgeColorMode,0x3555a4,1228,26,method.WCLGHomeGroups.badgeColorMode
WCLGHomeGroups,-,setBadgeColorMode:,0x355a70,1084,20,method.WCLGHomeGroups.setBadgeColorMode:
WCLGHomeGroups,-,badgeColorDarkMode,0x355eac,1232,26,method.WCLGHomeGroups.badgeColorDarkMode
WCLGHomeGroups,-,setBadgeColorDarkMode:,0x35637c,1140,20,method.WCLGHomeGroups.setBadgeColorDarkMode:
WCLGHomeGroups,-,stripSelectedColorMode,0x3567f0,1324,26,method.WCLGHomeGroups.stripSelectedColorMode
WCLGHomeGroups,-,setStripSelectedColorMode:,0x356d1c,1180,20,method.WCLGHomeGroups.setStripSelectedColorMode:
WCLGHomeGroups,-,stripSelectedColorDarkMode,0x3571b8,1360,26,method.WCLGHomeGroups.stripSelectedColorDarkMode
WCLGHomeGroups,-,setStripSelectedColorDarkMode:,0x357708,1208,20,method.WCLGHomeGroups.setStripSelectedColorDarkMode:
WCLGHomeGroups,-,barVerticalOffset,0x357bc0,1352,28,method.WCLGHomeGroups.barVerticalOffset
WCLGHomeGroups,-,setBarVerticalOffset:,0x358108,1184,20,method.WCLGHomeGroups.setBarVerticalOffset:
WCLGHomeGroups,-,pillGap,0x3585a8,1168,28,method.WCLGHomeGroups.pillGap
WCLGHomeGroups,-,setPillGap:,0x358a38,960,20,method.WCLGHomeGroups.setPillGap:
WCLGHomeGroups,-,pillHorizontalInset,0x358df8,1380,28,method.WCLGHomeGroups.pillHorizontalInset
WCLGHomeGroups,-,setPillHorizontalInset:,0x35935c,1156,20,method.WCLGHomeGroups.setPillHorizontalInset:
WCLGHomeGroups,-,hideAllGroup,0x3597e0,884,20,method.WCLGHomeGroups.hideAllGroup
WCLGHomeGroups,-,setHideAllGroup:,0x359b54,1648,43,method.WCLGHomeGroups.setHideAllGroup:
WCLGHomeGroups,-,effectiveEnabled,0x35a1c4,556,23,method.WCLGHomeGroups.effectiveEnabled
WCLGHomeGroups,-,allGroupTitle,0x35a3f0,1076,20,method.WCLGHomeGroups.allGroupTitle
WCLGHomeGroups,-,isAllGroupTitleCustomized,0x35a824,1260,28,method.WCLGHomeGroups.isAllGroupTitleCustomized
WCLGHomeGroups,-,restoreAllGroupTitle,0x35ad10,928,20,method.WCLGHomeGroups.restoreAllGroupTitle
WCLGHomeGroups,-,allGroupIndex,0x35b0b0,1168,26,method.WCLGHomeGroups.allGroupIndex
WCLGHomeGroups,-,setAllGroupIndex:,0x35b540,1044,20,method.WCLGHomeGroups.setAllGroupIndex:
WCLGHomeGroups,-,allGroup,0x35b954,796,20,method.WCLGHomeGroups.allGroup
WCLGHomeGroups,-,customGroups,0x35bc70,168,6,method.WCLGHomeGroups.customGroups
WCLGHomeGroups,-,displayGroups,0x35bd18,592,20,method.WCLGHomeGroups.displayGroups
WCLGHomeGroups,-,groupForID:,0x35bf68,2708,94,method.WCLGHomeGroups.groupForID:
WCLGHomeGroups,-,displayGroupAtIndex:,0x35c9fc,544,23,method.WCLGHomeGroups.displayGroupAtIndex:
WCLGHomeGroups,-,currentGroupID,0x35cc1c,748,20,method.WCLGHomeGroups.currentGroupID
WCLGHomeGroups,-,setCurrentGroupID:,0x35cf08,1916,48,method.WCLGHomeGroups.setCurrentGroupID:
WCLGHomeGroups,-,currentDisplayIndex,0x35d684,760,24,method.WCLGHomeGroups.currentDisplayIndex
WCLGHomeGroups,-,currentGroup,0x35d97c,188,6,method.WCLGHomeGroups.currentGroup
WCLGHomeGroups,-,selectDisplayIndex:,0x35da38,424,17,method.WCLGHomeGroups.selectDisplayIndex:
WCLGHomeGroups,-,collapsed,0x35dbe0,736,29,method.WCLGHomeGroups.collapsed
WCLGHomeGroups,-,expandedDisplayIndex,0x35dec0,344,14,method.WCLGHomeGroups.expandedDisplayIndex
WCLGHomeGroups,-,toggleExpandDisplayIndex:,0x35e018,2008,61,method.WCLGHomeGroups.toggleExpandDisplayIndex:
WCLGHomeGroups,-,normalizeCurrentSelection,0x35e7f0,1196,41,method.WCLGHomeGroups.normalizeCurrentSelection
WCLGHomeGroups,-,addGroupWithTitle:,0x35ec9c,748,20,method.WCLGHomeGroups.addGroupWithTitle:
WCLGHomeGroups,-,removeGroupID:,0x35ef88,2172,81,method.WCLGHomeGroups.removeGroupID:
WCLGHomeGroups,-,renameGroupID:toTitle:,0x35f804,3220,106,method.WCLGHomeGroups.renameGroupID:toTitle:
WCLGHomeGroups,-,setMembers:forGroupID:,0x360498,4496,171,method.WCLGHomeGroups.setMembers:forGroupID:
WCLGHomeGroups,-,customGroupWithRule:,0x361628,1628,62,method.WCLGHomeGroups.customGroupWithRule:
WCLGHomeGroups,-,restoreDefaultGroupOfRule:,0x361c84,1696,48,method.WCLGHomeGroups.restoreDefaultGroupOfRule:
WCLGHomeGroups,-,moveCustomGroupFromIndex:toIndex:,0x362324,764,27,method.WCLGHomeGroups.moveCustomGroupFromIndex:toIndex:
WCLGHomeGroups,-,moveDisplayGroupFromIndex:toIndex:,0x362620,2172,75,method.WCLGHomeGroups.moveDisplayGroupFromIndex:toIndex:
WCLGHomeGroups,-,currentGroupShouldShowSessionUsername:,0x362e9c,152,6,method.WCLGHomeGroups.currentGroupShouldShowSessionUsername:
WCLGHomeGroups,-,groupAtDisplayIndex:shouldShowSessionUsername:,0x362f34,168,6,method.WCLGHomeGroups.groupAtDisplayIndex:shouldShowSessionUsername:
WCLGHomeGroups,-,currentGroupShouldShowSessionUsername:cellData:,0x362fdc,216,6,method.WCLGHomeGroups.currentGroupShouldShowSessionUsername:cellData:
WCLGHomeGroups,-,groupAtDisplayIndex:shouldShowSessionUsername:cellData:,0x3630b4,1400,53,method.WCLGHomeGroups.groupAtDisplayIndex:shouldShowSessionUsername:cellData:
WCLGHomeGroups,-,recomputeAtomicMirrorLocked:,0x36362c,1888,67,method.WCLGHomeGroups.recomputeAtomicMirrorLocked:
WCLGHomeGroups,-,refresh,0x363d8c,168,6,method.WCLGHomeGroups.refresh
WCLGHomeGroups,-,beginQuietGroupSwitch,0x363e34,108,6,method.WCLGHomeGroups.beginQuietGroupSwitch
WCLGHomeGroups,-,endQuietGroupSwitch,0x363ea0,260,14,method.WCLGHomeGroups.endQuietGroupSwitch
WCLGHomeGroups,-,notifyChanged,0x363fa4,888,38,method.WCLGHomeGroups.notifyChanged
WCLGHomeGroupsControllerState,-,fullscreenRowsBusy,0x365b80,8,1,method.WCLGHomeGroupsControllerState.fullscreenRowsBusy
WCLGHomeGroupsControllerState,-,setFullscreenRowsBusy:,0x365b88,8,1,method.WCLGHomeGroupsControllerState.setFullscreenRowsBusy:
WCLGHomeGroupsControllerState,-,fullscreenCapsulePositionPending,0x365b90,8,1,method.WCLGHomeGroupsControllerState.fullscreenCapsulePositionPending
WCLGHomeGroupsControllerState,-,setFullscreenCapsulePositionPending:,0x365b98,8,1,method.WCLGHomeGroupsControllerState.setFullscreenCapsulePositionPending:
WCLGHomeGroupsControllerState,-,fullscreenCapsulePositionScheduled,0x365ba0,8,1,method.WCLGHomeGroupsControllerState.fullscreenCapsulePositionScheduled
WCLGHomeGroupsControllerState,-,setFullscreenCapsulePositionScheduled:,0x365ba8,8,1,method.WCLGHomeGroupsControllerState.setFullscreenCapsulePositionScheduled:
WCLGHomeGroupsControllerState,-,fullscreenCapsulePositionScheduledEpoch,0x365bb0,8,1,method.WCLGHomeGroupsControllerState.fullscreenCapsulePositionScheduledEpoch
WCLGHomeGroupsControllerState,-,setFullscreenCapsulePositionScheduledEpoch:,0x365bb8,8,1,method.WCLGHomeGroupsControllerState.setFullscreenCapsulePositionScheduledEpoch:
WCLGHomeGroupsControllerState,-,fullscreenCapsulePositionAttemptCount,0x365bc0,8,1,method.WCLGHomeGroupsControllerState.fullscreenCapsulePositionAttemptCount
WCLGHomeGroupsControllerState,-,setFullscreenCapsulePositionAttemptCount:,0x365bc8,8,1,method.WCLGHomeGroupsControllerState.setFullscreenCapsulePositionAttemptCount:
WCLGHomeGroupsControllerState,-,fullscreenCapsulePositionTargetToken,0x365bd0,8,1,method.WCLGHomeGroupsControllerState.fullscreenCapsulePositionTargetToken
WCLGHomeGroupsControllerState,-,setFullscreenCapsulePositionTargetToken:,0x365bd8,8,1,method.WCLGHomeGroupsControllerState.setFullscreenCapsulePositionTargetToken:
WCLGHomeGroupsControllerState,-,fullscreenCapsulePositionEpoch,0x365be0,8,1,method.WCLGHomeGroupsControllerState.fullscreenCapsulePositionEpoch
WCLGHomeGroupsControllerState,-,setFullscreenCapsulePositionEpoch:,0x365be8,8,1,method.WCLGHomeGroupsControllerState.setFullscreenCapsulePositionEpoch:
WCLGHomeGroupsChrome,-,homeGroupBar:didToggleDisplayIndex:,0x3691e8,64,1,sym.func.003691e8
WCLGHomeGroupsChrome,-,homeGroupBar:didRequestManageDisplayIndex:sourceView:,0x369228,3424,28,method.WCLGHomeGroupsChrome.homeGroupBar:didRequestManageDisplayIndex:sourceView:
WCLGHomeGroupsChrome,-,homeGroupBarDidRequestCreateGroup:,0x369f88,56,1,method.WCLGHomeGroupsChrome.homeGroupBarDidRequestCreateGroup:
WCLGHomeGroupsChrome,-,controller,0x36a304,24,1,method.WCLGHomeGroupsChrome.controller
WCLGHomeGroupsChrome,-,setController:,0x36a31c,12,1,method.WCLGHomeGroupsChrome.setController:
WCLGHomeGroupsChrome,-,homeGroupBar:didToggleDisplayIndex:,0x468c88,0,0,
WCLGHomeGroupsGestureTarget,-,gestureRecognizerShouldBegin:,0x36f244,4,1,method.WCLGHomeGroupsGestureTarget.gestureRecognizerShouldBegin:
WCLGHomeGroupsGestureTarget,-,gestureRecognizer:shouldRecognizeSimultaneouslyWithGestureRecognizer:,0x36f248,8,1,method.WCLGHomeGroupsGestureTarget.gestureRecognizer:shouldRecognizeSimultaneouslyWithGestureRecognizer:
WCLGHomeGroupsGestureTarget,-,wclgHandleLongPress:,0x36f250,4344,59,method.WCLGHomeGroupsGestureTarget.wclgHandleLongPress:
WCLGHomeSwipeBlockerPan,-,canPreventGestureRecognizer:,0x370a08,8,1,method.WCLGHomeSwipeBlockerPan.canPreventGestureRecognizer:
WCLGHomeSwipeBlockerPan,-,canBePreventedByGestureRecognizer:,0x370a10,8,1,method.WCLGHomeSwipeBlockerPan.canBePreventedByGestureRecognizer:
WCLGHomeSwipeBlockerDelegate,-,gestureRecognizer:shouldReceiveTouch:,0x370a18,320,12,method.WCLGHomeSwipeBlockerDelegate.gestureRecognizer:shouldReceiveTouch:
WCLGHomeSwipeBlockerDelegate,-,gestureRecognizerShouldBegin:,0x370b58,432,16,method.WCLGHomeSwipeBlockerDelegate.gestureRecognizerShouldBegin:
WCLGHomeSwipeBlockerDelegate,-,gestureRecognizer:shouldRecognizeSimultaneouslyWithGestureRecognizer:,0x37120c,344,8,method.WCLGHomeSwipeBlockerDelegate.gestureRecognizer:shouldRecognizeSimultaneouslyWithGestureRecognizer:
WCLGHomeSwipeBlockerTarget,+,shared,0x3713cc,48,3,method.class.WCLGHomeSwipeBlockerTarget.shared
WCLGHomeSwipeBlockerTarget,-,handlePan:,0x371430,4,1,method.WCLGHomeSwipeBlockerTarget.handlePan:
WCLGHomeStripSwipeTarget,+,shared,0x3715ec,48,3,method.class.WCLGHomeStripSwipeTarget.shared
WCLGHomeStripSwipeTarget,-,handleSwipe:,0x371650,500,15,method.WCLGHomeStripSwipeTarget.handleSwipe:
WCLGHomeStripSwipeTarget,-,gestureRecognizer:shouldRecognizeSimultaneouslyWithGestureRecognizer:,0x371844,8,1,method.WCLGHomeStripSwipeTarget.gestureRecognizer:shouldRecognizeSimultaneouslyWithGestureRecognizer:
WCLGHomeStripSwipeTarget,-,gestureRecognizer:shouldReceiveTouch:,0x37184c,336,15,method.WCLGHomeStripSwipeTarget.gestureRecognizer:shouldReceiveTouch:
WCLGHomePinnedController,-,refreshUI,0x380ca4,4,1,method.WCLGHomePinnedController.refreshUI
WCLGHomePinnedController,-,onSlotTap:,0x380ca8,96,1,method.WCLGHomePinnedController.onSlotTap:
WCLGHomePinnedController,-,onSlotLongPress:,0x380d08,212,5,method.WCLGHomePinnedController.onSlotLongPress:
WCLGHomePinnedController,-,presentActionsForUser:fromController:,0x3810e4,2384,10,method.WCLGHomePinnedController.presentActionsForUser:fromController:
WCLGHomePinnedController,-,replaceFriend:fromController:,0x381c44,452,5,method.WCLGHomePinnedController.replaceFriend:fromController:
WCLGHomePinnedController,-,replaceAvatar:fromController:,0x382228,228,4,method.WCLGHomePinnedController.replaceAvatar:fromController:
WCLGHomePinnedController,-,removeUser:,0x38230c,240,3,method.WCLGHomePinnedController.removeUser:
WCLGHomePinnedController,-,addContactFromController:onChange:,0x3823fc,472,6,method.WCLGHomePinnedController.addContactFromController:onChange:
WCLGHomePinnedController,-,presentMaskPickerFromController:,0x382724,2452,11,method.WCLGHomePinnedController.presentMaskPickerFromController:
WCLGHomePinnedController,-,pickMaskForDark:fromController:,0x3831d4,276,4,method.WCLGHomePinnedController.pickMaskForDark:fromController:
WCLGHomePinnedController,-,imagePickerController:didFinishPickingMediaWithInfo:,0x3832e8,488,4,method.WCLGHomePinnedController.imagePickerController:didFinishPickingMediaWithInfo:
WCLGHomePinnedController,-,imagePickerControllerDidCancel:,0x38357c,120,1,method.WCLGHomePinnedController.imagePickerControllerDidCancel:
WCLGHomePinnedController,-,pendingAvatarUser,0x3835f4,8,1,method.WCLGHomePinnedController.pendingAvatarUser
WCLGHomePinnedController,-,setPendingAvatarUser:,0x3835fc,8,1,method.WCLGHomePinnedController.setPendingAvatarUser:
WCLGHomePinnedController,-,pendingMaskDark,0x383604,8,1,method.WCLGHomePinnedController.pendingMaskDark
WCLGHomePinnedController,-,setPendingMaskDark:,0x38360c,12,1,method.WCLGHomePinnedController.setPendingMaskDark:
WCLGHomePinnedPanelView,+,rowDefinitions,0x3874dc,9100,5,method.class.WCLGHomePinnedPanelView.rowDefinitions
WCLGHomePinnedPanelView,-,initForWindow:,0x389868,1080,5,method.WCLGHomePinnedPanelView.initForWindow:
WCLGHomePinnedPanelView,-,primaryTextColor,0x389ca0,92,4,method.WCLGHomePinnedPanelView.primaryTextColor
WCLGHomePinnedPanelView,-,secondaryTextColor,0x389cfc,92,4,method.WCLGHomePinnedPanelView.secondaryTextColor
WCLGHomePinnedPanelView,-,separatorColor,0x389d58,92,4,method.WCLGHomePinnedPanelView.separatorColor
WCLGHomePinnedPanelView,-,buildBackground,0x389db4,616,4,method.WCLGHomePinnedPanelView.buildBackground
WCLGHomePinnedPanelView,-,buildHeader,0x38a01c,1768,9,method.WCLGHomePinnedPanelView.buildHeader
WCLGHomePinnedPanelView,-,buildScrollContent:,0x38a704,1224,18,method.WCLGHomePinnedPanelView.buildScrollContent:
WCLGHomePinnedPanelView,-,makePlainRowAtIndex:title:lastRow:,0x38abcc,272,1,method.WCLGHomePinnedPanelView.makePlainRowAtIndex:title:lastRow:
WCLGHomePinnedPanelView,-,makeTappableRowAtIndex:title:lastRow:,0x38acdc,832,3,method.WCLGHomePinnedPanelView.makeTappableRowAtIndex:title:lastRow:
WCLGHomePinnedPanelView,-,addLabel:separator:toRow:interactive:,0x38b01c,548,3,method.WCLGHomePinnedPanelView.addLabel:separator:toRow:interactive:
WCLGHomePinnedPanelView,-,placeAccessory:inRow:,0x38b240,240,3,method.WCLGHomePinnedPanelView.placeAccessory:inRow:
WCLGHomePinnedPanelView,-,switchOnFor:,0x38b330,548,11,method.WCLGHomePinnedPanelView.switchOnFor:
WCLGHomePinnedPanelView,-,addSwitchToRow:def:index:,0x38b554,348,3,method.WCLGHomePinnedPanelView.addSwitchToRow:def:index:
WCLGHomePinnedPanelView,-,addSegmentToRow:def:index:,0x38b6b0,420,3,method.WCLGHomePinnedPanelView.addSegmentToRow:def:index:
WCLGHomePinnedPanelView,-,addStepperToRow:def:index:,0x38b854,1608,3,method.WCLGHomePinnedPanelView.addStepperToRow:def:index:
WCLGHomePinnedPanelView,-,addColorAccessoryToRow:index:,0x38c1c8,472,1,method.WCLGHomePinnedPanelView.addColorAccessoryToRow:index:
WCLGHomePinnedPanelView,-,addActionAccessoryToRow:,0x38c3a0,4,1,method.WCLGHomePinnedPanelView.addActionAccessoryToRow:
WCLGHomePinnedPanelView,-,refreshBadgeSwatch,0x38c3a4,288,10,method.WCLGHomePinnedPanelView.refreshBadgeSwatch
WCLGHomePinnedPanelView,-,closeTapped,0x38c4c4,4,1,method.WCLGHomePinnedPanelView.closeTapped
WCLGHomePinnedPanelView,-,switchChanged:,0x38c5f4,1072,14,method.WCLGHomePinnedPanelView.switchChanged:
WCLGHomePinnedPanelView,-,segmentChanged:,0x38cbd0,156,1,method.WCLGHomePinnedPanelView.segmentChanged:
WCLGHomePinnedPanelView,-,stepperChanged:,0x38cc6c,940,12,method.WCLGHomePinnedPanelView.stepperChanged:
WCLGHomePinnedPanelView,-,rowTapped:,0x38d018,808,12,method.WCLGHomePinnedPanelView.rowTapped:
WCLGHomePinnedPanelView,-,badgeColorTapped,0x38d340,604,5,method.WCLGHomePinnedPanelView.badgeColorTapped
WCLGHomePinnedPanelView,-,dismissTopModal,0x38d708,64,1,method.WCLGHomePinnedPanelView.dismissTopModal
WCLGHomePinnedPanelView,-,handlePan:,0x38d748,312,5,method.WCLGHomePinnedPanelView.handlePan:
WCLGHomePinnedPanelView,-,clampedCenter:inBounds:,0x38d880,200,1,method.WCLGHomePinnedPanelView.clampedCenter:inBounds:
WCLGHomePinnedPanelView,-,gestureRecognizer:shouldReceiveTouch:,0x38d948,108,1,method.WCLGHomePinnedPanelView.gestureRecognizer:shouldReceiveTouch:
WCLGHomePinnedPanelView,-,panelBG,0x38d9b4,16,1,method.WCLGHomePinnedPanelView.panelBG
WCLGHomePinnedPanelView,-,setPanelBG:,0x38d9c4,20,1,method.WCLGHomePinnedPanelView.setPanelBG:
WCLGHomePinnedPanelView,-,scrollView,0x38d9d8,16,1,method.WCLGHomePinnedPanelView.scrollView
WCLGHomePinnedPanelView,-,setScrollView:,0x38d9e8,20,1,method.WCLGHomePinnedPanelView.setScrollView:
WCLGHomePinnedPanelView,-,rows,0x38d9fc,16,1,method.WCLGHomePinnedPanelView.rows
WCLGHomePinnedPanelView,-,setRows:,0x38da0c,20,1,method.WCLGHomePinnedPanelView.setRows:
WCLGHomePinnedPanelView,-,valueLabels,0x38da20,16,1,method.WCLGHomePinnedPanelView.valueLabels
WCLGHomePinnedPanelView,-,setValueLabels:,0x38da30,20,1,method.WCLGHomePinnedPanelView.setValueLabels:
WCLGHomePinnedPanelView,-,badgeSwatch,0x38da44,16,1,method.WCLGHomePinnedPanelView.badgeSwatch
WCLGHomePinnedPanelView,-,setBadgeSwatch:,0x38da54,20,1,method.WCLGHomePinnedPanelView.setBadgeSwatch:
WCLGHomePinnedPanelView,-,dragStartCenter,0x38da68,20,1,method.WCLGHomePinnedPanelView.dragStartCenter
WCLGHomePinnedPanelView,-,setDragStartCenter:,0x38da7c,20,1,method.WCLGHomePinnedPanelView.setDragStartCenter:
WCLGHomePinnedPanelView,-,darkMode,0x38da90,16,1,method.WCLGHomePinnedPanelView.darkMode
WCLGHomePinnedPanelView,-,setDarkMode:,0x38daa0,16,1,method.WCLGHomePinnedPanelView.setDarkMode:
WCLGHomeTextHeaderWrapperView,-,layoutSubviews,0x38e354,1080,35,method.WCLGHomeTextHeaderWrapperView.layoutSubviews
WCLGHomeTextHeaderWrapperView,-,hitTest:withEvent:,0x38e78c,728,23,method.WCLGHomeTextHeaderWrapperView.hitTest:withEvent:
WCLGHomeTextCardLongPressTarget,+,shared,0x39076c,48,3,method.class.WCLGHomeTextCardLongPressTarget.shared
WCLGHomeTextCardLongPressTarget,-,onLongPress:,0x3907c8,52,3,method.WCLGHomeTextCardLongPressTarget.onLongPress:
WCLGKeyboardObserver,+,sharedObserver,0x3a9c18,116,3,method.class.WCLGKeyboardObserver.sharedObserver
WCLGKeyboardObserver,-,updateFromNote:visibleHint:,0x3a9cb4,1160,28,method.WCLGKeyboardObserver.updateFromNote:visibleHint:
WCLGKeyboardObserver,-,keyboardWillShow:,0x3aa13c,16,1,method.WCLGKeyboardObserver.keyboardWillShow:
WCLGKeyboardObserver,-,keyboardWillHide:,0x3aa14c,16,1,method.WCLGKeyboardObserver.keyboardWillHide:
WCLGKeyboardObserver,-,keyboardDidShow:,0x3aa15c,16,1,method.WCLGKeyboardObserver.keyboardDidShow:
WCLGKeyboardObserver,-,keyboardDidHide:,0x3aa16c,16,1,method.WCLGKeyboardObserver.keyboardDidHide:
WCLGKeyboardObserver,-,keyboardWillChangeFrame:,0x3aa17c,24,1,method.WCLGKeyboardObserver.keyboardWillChangeFrame:
WCLGKeyboardObserver,-,keyboardDidChangeFrame:,0x3aa194,24,1,method.WCLGKeyboardObserver.keyboardDidChangeFrame:
WCLGForegroundReaffirm,+,sharedInstance,0x3aa548,116,3,method.class.WCLGForegroundReaffirm.sharedInstance
WCLGForegroundReaffirm,-,appDidBecomeActive:,0x3aa5e4,832,12,method.WCLGForegroundReaffirm.appDidBecomeActive:
WCLGSearchActionTarget,+,sharedTarget,0x3b5bcc,268,10,method.class.WCLGSearchActionTarget.sharedTarget
WCLGSearchActionTarget,-,searchTapped:,0x3b5e60,208,8,method.WCLGSearchActionTarget.searchTapped:
WCLGSearchTabBarOverlay,-,initWithTabBar:,0x3c30ec,408,3,method.WCLGSearchTabBarOverlay.initWithTabBar:
WCLGSearchTabBarOverlay,-,isDarkMode,0x3c3284,80,1,method.WCLGSearchTabBarOverlay.isDarkMode
WCLGSearchTabBarOverlay,-,glassView,0x3c32d4,712,10,method.WCLGSearchTabBarOverlay.glassView
WCLGSearchTabBarOverlay,-,styleGlassControl:glass:,0x3c359c,936,4,method.WCLGSearchTabBarOverlay.styleGlassControl:glass:
WCLGSearchTabBarOverlay,-,searchIcon,0x3c3944,624,9,method.WCLGSearchTabBarOverlay.searchIcon
WCLGSearchTabBarOverlay,-,badgeRedColor,0x3c3bb4,472,13,method.WCLGSearchTabBarOverlay.badgeRedColor
WCLGSearchTabBarOverlay,-,applyBadge:dotView:label:,0x3c3d8c,1044,17,method.WCLGSearchTabBarOverlay.applyBadge:dotView:label:
WCLGSearchTabBarOverlay,-,applyModeBadgeFromItem:fallbackBadge:,0x3c41a0,156,1,method.WCLGSearchTabBarOverlay.applyModeBadgeFromItem:fallbackBadge:
WCLGSearchTabBarOverlay,-,badgeLabelWidthForText:height:,0x3c423c,408,5,method.WCLGSearchTabBarOverlay.badgeLabelWidthForText:height:
WCLGSearchTabBarOverlay,-,lightFeedback,0x3c43d4,72,1,method.WCLGSearchTabBarOverlay.lightFeedback
WCLGSearchTabBarOverlay,-,selectionFeedback,0x3c441c,56,1,method.WCLGSearchTabBarOverlay.selectionFeedback
WCLGSearchTabBarOverlay,-,resetControlInteractionState,0x3c4454,612,1,method.WCLGSearchTabBarOverlay.resetControlInteractionState
WCLGSearchTabBarOverlay,-,applySystemGlassButtonConfigurationsWithSizeMode:primary:secondary:,0x3c46b8,2168,15,method.WCLGSearchTabBarOverlay.applySystemGlassButtonConfigurationsWithSizeMode:primary:secondary:
WCLGSearchTabBarOverlay,-,buildSubviews,0x3c592c,5580,3,method.WCLGSearchTabBarOverlay.buildSubviews
WCLGSearchTabBarOverlay,-,pointInside:withEvent:,0x3c6ef8,416,8,method.WCLGSearchTabBarOverlay.pointInside:withEvent:
WCLGSearchTabBarOverlay,-,hitTest:withEvent:,0x3c7098,644,15,method.WCLGSearchTabBarOverlay.hitTest:withEvent:
WCLGSearchTabBarOverlay,-,currentIndex,0x3c731c,1716,40,method.WCLGSearchTabBarOverlay.currentIndex
WCLGSearchTabBarOverlay,-,nativeIndexForMenuRow:count:,0x3c7b20,36,1,method.WCLGSearchTabBarOverlay.nativeIndexForMenuRow:count:
WCLGSearchTabBarOverlay,-,refreshWithItems:,0x3c7b44,3076,34,method.WCLGSearchTabBarOverlay.refreshWithItems:
WCLGSearchTabBarOverlay,-,layoutSubviews,0x3c9354,9560,51,method.WCLGSearchTabBarOverlay.layoutSubviews
WCLGSearchTabBarOverlay,-,optionPressBegan:,0x3cbd44,76,1,method.WCLGSearchTabBarOverlay.optionPressBegan:
WCLGSearchTabBarOverlay,-,optionPressEnded:,0x3cbd90,56,1,method.WCLGSearchTabBarOverlay.optionPressEnded:
WCLGSearchTabBarOverlay,-,setMenuVisible:animated:,0x3cbdc8,848,14,method.WCLGSearchTabBarOverlay.setMenuVisible:animated:
WCLGSearchTabBarOverlay,-,setOverlayDisplayed:animated:interactive:,0x3cc25c,844,19,method.WCLGSearchTabBarOverlay.setOverlayDisplayed:animated:interactive:
WCLGSearchTabBarOverlay,-,setOverlayDisplayed:animated:,0x3cc60c,16,1,method.WCLGSearchTabBarOverlay.setOverlayDisplayed:animated:
WCLGSearchTabBarOverlay,-,gestureRecognizerShouldBegin:,0x3cc61c,164,4,method.WCLGSearchTabBarOverlay.gestureRecognizerShouldBegin:
WCLGSearchTabBarOverlay,-,modeTapped:,0x3cc6c0,96,1,method.WCLGSearchTabBarOverlay.modeTapped:
WCLGSearchTabBarOverlay,-,modePanned:,0x3cc720,664,22,method.WCLGSearchTabBarOverlay.modePanned:
WCLGSearchTabBarOverlay,-,searchPanned:,0x3cc9b8,664,22,method.WCLGSearchTabBarOverlay.searchPanned:
WCLGSearchTabBarOverlay,-,optionTapped:,0x3ccc50,100,3,method.WCLGSearchTabBarOverlay.optionTapped:
WCLGSearchTabBarOverlay,-,overlayTapped:,0x3cccb4,532,10,method.WCLGSearchTabBarOverlay.overlayTapped:
WCLGSearchTabBarOverlay,-,optionIndexAtPointInMenu:,0x3ccec8,784,16,method.WCLGSearchTabBarOverlay.optionIndexAtPointInMenu:
WCLGSearchTabBarOverlay,-,optionIndexAtGesture:,0x3cd1d8,152,1,method.WCLGSearchTabBarOverlay.optionIndexAtGesture:
WCLGSearchTabBarOverlay,-,optionIndexAtTouch:,0x3cd270,204,1,method.WCLGSearchTabBarOverlay.optionIndexAtTouch:
WCLGSearchTabBarOverlay,-,optionIndexAtOverlayPoint:,0x3cd33c,128,1,method.WCLGSearchTabBarOverlay.optionIndexAtOverlayPoint:
WCLGSearchTabBarOverlay,-,updateOptionHighlights,0x3cd3bc,972,8,method.WCLGSearchTabBarOverlay.updateOptionHighlights
WCLGSearchTabBarOverlay,-,touchesBegan:withEvent:,0x3cd788,416,7,method.WCLGSearchTabBarOverlay.touchesBegan:withEvent:
WCLGSearchTabBarOverlay,-,touchesMoved:withEvent:,0x3cd928,260,4,method.WCLGSearchTabBarOverlay.touchesMoved:withEvent:
WCLGSearchTabBarOverlay,-,touchesEnded:withEvent:,0x3cda2c,392,11,method.WCLGSearchTabBarOverlay.touchesEnded:withEvent:
WCLGSearchTabBarOverlay,-,touchesCancelled:withEvent:,0x3cdbb4,200,4,method.WCLGSearchTabBarOverlay.touchesCancelled:withEvent:
WCLGSearchTabBarOverlay,-,modeLongPressed:,0x3cdc7c,420,13,method.WCLGSearchTabBarOverlay.modeLongPressed:
WCLGSearchTabBarOverlay,-,selectIndex:,0x3cde20,7064,68,method.WCLGSearchTabBarOverlay.selectIndex:
WCLGSearchTabBarOverlay,-,tabBar,0x3cfa1c,32,1,method.WCLGSearchTabBarOverlay.tabBar
WCLGSearchTabBarOverlay,-,setTabBar:,0x3cfa3c,20,1,method.WCLGSearchTabBarOverlay.setTabBar:
WCLGSearchTabBarOverlay,-,items,0x3cfa50,16,1,method.WCLGSearchTabBarOverlay.items
WCLGSearchTabBarOverlay,-,setItems:,0x3cfa60,12,1,method.WCLGSearchTabBarOverlay.setItems:
WCLGSearchTabBarOverlay,-,searchControl,0x3cfa6c,16,1,method.WCLGSearchTabBarOverlay.searchControl
WCLGSearchTabBarOverlay,-,setSearchControl:,0x3cfa7c,20,1,method.WCLGSearchTabBarOverlay.setSearchControl:
WCLGSearchTabBarOverlay,-,searchPanGesture,0x3cfa90,16,1,method.WCLGSearchTabBarOverlay.searchPanGesture
WCLGSearchTabBarOverlay,-,setSearchPanGesture:,0x3cfaa0,20,1,method.WCLGSearchTabBarOverlay.setSearchPanGesture:
WCLGSearchTabBarOverlay,-,searchGlass,0x3cfab4,16,1,method.WCLGSearchTabBarOverlay.searchGlass
WCLGSearchTabBarOverlay,-,setSearchGlass:,0x3cfac4,20,1,method.WCLGSearchTabBarOverlay.setSearchGlass:
WCLGSearchTabBarOverlay,-,searchIconView,0x3cfad8,16,1,method.WCLGSearchTabBarOverlay.searchIconView
WCLGSearchTabBarOverlay,-,setSearchIconView:,0x3cfae8,20,1,method.WCLGSearchTabBarOverlay.setSearchIconView:
WCLGSearchTabBarOverlay,-,searchLabel,0x3cfafc,16,1,method.WCLGSearchTabBarOverlay.searchLabel
WCLGSearchTabBarOverlay,-,setSearchLabel:,0x3cfb0c,20,1,method.WCLGSearchTabBarOverlay.setSearchLabel:
WCLGSearchTabBarOverlay,-,modeButton,0x3cfb20,16,1,method.WCLGSearchTabBarOverlay.modeButton
WCLGSearchTabBarOverlay,-,setModeButton:,0x3cfb30,20,1,method.WCLGSearchTabBarOverlay.setModeButton:
WCLGSearchTabBarOverlay,-,modeGlass,0x3cfb44,16,1,method.WCLGSearchTabBarOverlay.modeGlass
WCLGSearchTabBarOverlay,-,setModeGlass:,0x3cfb54,20,1,method.WCLGSearchTabBarOverlay.setModeGlass:
WCLGSearchTabBarOverlay,-,modeIconView,0x3cfb68,16,1,method.WCLGSearchTabBarOverlay.modeIconView
WCLGSearchTabBarOverlay,-,setModeIconView:,0x3cfb78,20,1,method.WCLGSearchTabBarOverlay.setModeIconView:
WCLGSearchTabBarOverlay,-,modeBadgeDotView,0x3cfb8c,16,1,method.WCLGSearchTabBarOverlay.modeBadgeDotView
WCLGSearchTabBarOverlay,-,setModeBadgeDotView:,0x3cfb9c,20,1,method.WCLGSearchTabBarOverlay.setModeBadgeDotView:
WCLGSearchTabBarOverlay,-,modeBadgeLabel,0x3cfbb0,16,1,method.WCLGSearchTabBarOverlay.modeBadgeLabel
WCLGSearchTabBarOverlay,-,setModeBadgeLabel:,0x3cfbc0,20,1,method.WCLGSearchTabBarOverlay.setModeBadgeLabel:
WCLGSearchTabBarOverlay,-,menuView,0x3cfbd4,16,1,method.WCLGSearchTabBarOverlay.menuView
WCLGSearchTabBarOverlay,-,setMenuView:,0x3cfbe4,20,1,method.WCLGSearchTabBarOverlay.setMenuView:
WCLGSearchTabBarOverlay,-,menuGlass,0x3cfbf8,16,1,method.WCLGSearchTabBarOverlay.menuGlass
WCLGSearchTabBarOverlay,-,setMenuGlass:,0x3cfc08,20,1,method.WCLGSearchTabBarOverlay.setMenuGlass:
WCLGSearchTabBarOverlay,-,menuMaterialView,0x3cfc1c,16,1,method.WCLGSearchTabBarOverlay.menuMaterialView
WCLGSearchTabBarOverlay,-,setMenuMaterialView:,0x3cfc2c,20,1,method.WCLGSearchTabBarOverlay.setMenuMaterialView:
WCLGSearchTabBarOverlay,-,optionButtons,0x3cfc40,16,1,method.WCLGSearchTabBarOverlay.optionButtons
WCLGSearchTabBarOverlay,-,setOptionButtons:,0x3cfc50,20,1,method.WCLGSearchTabBarOverlay.setOptionButtons:
WCLGSearchTabBarOverlay,-,highlightedIndex,0x3cfc64,16,1,method.WCLGSearchTabBarOverlay.highlightedIndex
WCLGSearchTabBarOverlay,-,setHighlightedIndex:,0x3cfc74,16,1,method.WCLGSearchTabBarOverlay.setHighlightedIndex:
WCLGSearchTabBarOverlay,-,menuVisible,0x3cfc84,16,1,method.WCLGSearchTabBarOverlay.menuVisible
WCLGSearchTabBarOverlay,-,setMenuVisible:,0x3cfc94,16,1,method.WCLGSearchTabBarOverlay.setMenuVisible:
WCLGSearchTabBarOverlay,-,selectingIndex,0x3cfca4,16,1,method.WCLGSearchTabBarOverlay.selectingIndex
WCLGSearchTabBarOverlay,-,setSelectingIndex:,0x3cfcb4,16,1,method.WCLGSearchTabBarOverlay.setSelectingIndex:
WCLGSearchTabBarOverlay,-,menuTouchActive,0x3cfcc4,16,1,method.WCLGSearchTabBarOverlay.menuTouchActive
WCLGSearchTabBarOverlay,-,setMenuTouchActive:,0x3cfcd4,16,1,method.WCLGSearchTabBarOverlay.setMenuTouchActive:
WCLGSearchTabBarOverlay,-,modePanActive,0x3cfce4,16,1,method.WCLGSearchTabBarOverlay.modePanActive
WCLGSearchTabBarOverlay,-,setModePanActive:,0x3cfcf4,16,1,method.WCLGSearchTabBarOverlay.setModePanActive:
WCLGSearchTabBarOverlay,-,searchPanActive,0x3cfd04,16,1,method.WCLGSearchTabBarOverlay.searchPanActive
WCLGSearchTabBarOverlay,-,setSearchPanActive:,0x3cfd14,16,1,method.WCLGSearchTabBarOverlay.setSearchPanActive:
WCLGSearchTabBarOverlay,-,menuAnchoredToSearch,0x3cfd24,16,1,method.WCLGSearchTabBarOverlay.menuAnchoredToSearch
WCLGSearchTabBarOverlay,-,setMenuAnchoredToSearch:,0x3cfd34,16,1,method.WCLGSearchTabBarOverlay.setMenuAnchoredToSearch:
WCLGSearchTabBarOverlay,-,lastFeedbackHighlightedIndex,0x3cfd44,16,1,method.WCLGSearchTabBarOverlay.lastFeedbackHighlightedIndex
WCLGSearchTabBarOverlay,-,setLastFeedbackHighlightedIndex:,0x3cfd54,16,1,method.WCLGSearchTabBarOverlay.setLastFeedbackHighlightedIndex:
WCLGSearchTabBarOverlay,-,overlayDisplayed,0x3cfd64,16,1,method.WCLGSearchTabBarOverlay.overlayDisplayed
WCLGSearchTabBarOverlay,-,setOverlayDisplayed:,0x3cfd74,16,1,method.WCLGSearchTabBarOverlay.setOverlayDisplayed:
WCLGSearchTabBarOverlay,-,overlayInteractionsEnabled,0x3cfd84,16,1,method.WCLGSearchTabBarOverlay.overlayInteractionsEnabled
WCLGSearchTabBarOverlay,-,setOverlayInteractionsEnabled:,0x3cfd94,16,1,method.WCLGSearchTabBarOverlay.setOverlayInteractionsEnabled:
WCLGSearchTabBarOverlay,-,hasStableTabFrame,0x3cfda4,16,1,method.WCLGSearchTabBarOverlay.hasStableTabFrame
WCLGSearchTabBarOverlay,-,setHasStableTabFrame:,0x3cfdb4,16,1,method.WCLGSearchTabBarOverlay.setHasStableTabFrame:
WCLGSearchTabBarOverlay,-,stableTabFrame,0x3cfdc4,24,1,method.WCLGSearchTabBarOverlay.stableTabFrame
WCLGSearchTabBarOverlay,-,setStableTabFrame:,0x3cfddc,24,1,method.WCLGSearchTabBarOverlay.setStableTabFrame:
WCLGTextEditorViewController,-,dealloc,0x3d5a34,120,1,method.WCLGTextEditorViewController.dealloc
WCLGTextEditorViewController,-,initWithTitle:text:placeholder:handler:,0x3d5aac,348,3,method.WCLGTextEditorViewController.initWithTitle:text:placeholder:handler:
WCLGTextEditorViewController,-,viewDidLoad,0x3d5c08,1684,6,method.WCLGTextEditorViewController.viewDidLoad
WCLGTextEditorViewController,-,viewDidLayoutSubviews,0x3d629c,80,1,method.WCLGTextEditorViewController.viewDidLayoutSubviews
WCLGTextEditorViewController,-,layoutTextEditorViews,0x3d62ec,604,1,method.WCLGTextEditorViewController.layoutTextEditorViews
WCLGTextEditorViewController,-,viewDidAppear:,0x3d6548,112,1,method.WCLGTextEditorViewController.viewDidAppear:
WCLGTextEditorViewController,-,keyboardFrameChanged:,0x3d65b8,680,1,method.WCLGTextEditorViewController.keyboardFrameChanged:
WCLGTextEditorViewController,-,saveTapped,0x3d6870,256,3,method.WCLGTextEditorViewController.saveTapped
WCLGTextEditorViewController,-,initialText,0x3d6970,16,1,method.WCLGTextEditorViewController.initialText
WCLGTextEditorViewController,-,setInitialText:,0x3d6980,12,1,method.WCLGTextEditorViewController.setInitialText:
WCLGTextEditorViewController,-,placeholderText,0x3d698c,16,1,method.WCLGTextEditorViewController.placeholderText
WCLGTextEditorViewController,-,setPlaceholderText:,0x3d699c,12,1,method.WCLGTextEditorViewController.setPlaceholderText:
WCLGTextEditorViewController,-,saveHandler,0x3d69a8,16,1,method.WCLGTextEditorViewController.saveHandler
WCLGTextEditorViewController,-,setSaveHandler:,0x3d69b8,12,1,method.WCLGTextEditorViewController.setSaveHandler:
WCLGTextEditorViewController,-,textView,0x3d69c4,16,1,method.WCLGTextEditorViewController.textView
WCLGTextEditorViewController,-,setTextView:,0x3d69d4,20,1,method.WCLGTextEditorViewController.setTextView:
WCLGTextEditorViewController,-,hintLabel,0x3d69e8,16,1,method.WCLGTextEditorViewController.hintLabel
WCLGTextEditorViewController,-,setHintLabel:,0x3d69f8,20,1,method.WCLGTextEditorViewController.setHintLabel:
WCLGTextEditorViewController,-,keyboardOverlap,0x3d6a0c,16,1,method.WCLGTextEditorViewController.keyboardOverlap
WCLGTextEditorViewController,-,setKeyboardOverlap:,0x3d6a1c,16,1,method.WCLGTextEditorViewController.setKeyboardOverlap:
WCLGSettingsViewController,-,init,0x3d6aa8,16,1,method.WCLGSettingsViewController.init
WCLGSettingsViewController,-,initWithPanel:,0x3d6ab8,80,3,method.WCLGSettingsViewController.initWithPanel:
WCLGSettingsViewController,+,homeGroupsSettingsController,0x3d6b08,36,1,method.class.WCLGSettingsViewController.homeGroupsSettingsController
WCLGSettingsViewController,-,wclgDismissModal,0x3d6b2c,20,1,method.WCLGSettingsViewController.wclgDismissModal
WCLGSettingsViewController,-,isDarkMode,0x3d6f44,80,1,method.WCLGSettingsViewController.isDarkMode
WCLGSettingsViewController,-,cellBackgroundColor,0x3d6f94,96,4,method.WCLGSettingsViewController.cellBackgroundColor
WCLGSettingsViewController,-,primaryTextColor,0x3d6ff4,100,4,method.WCLGSettingsViewController.primaryTextColor
WCLGSettingsViewController,-,secondaryTextColor,0x3d7058,100,4,method.WCLGSettingsViewController.secondaryTextColor
WCLGSettingsViewController,-,authorizationCellBackgroundColorForAllowed:,0x3d70bc,216,8,method.WCLGSettingsViewController.authorizationCellBackgroundColorForAllowed:
WCLGSettingsViewController,-,applyAuthorizationBackgroundToCell:allowed:,0x3d7194,216,1,method.WCLGSettingsViewController.applyAuthorizationBackgroundToCell:allowed:
WCLGSettingsViewController,-,gradientColorsA,0x3d726c,608,6,method.WCLGSettingsViewController.gradientColorsA
WCLGSettingsViewController,-,gradientColorsB,0x3d74cc,612,6,method.WCLGSettingsViewController.gradientColorsB
WCLGSettingsViewController,-,setupBackground,0x3d7730,2000,5,method.WCLGSettingsViewController.setupBackground
WCLGSettingsViewController,-,refreshBackground,0x3d7f00,696,1,method.WCLGSettingsViewController.refreshBackground
WCLGSettingsViewController,-,startBackgroundAnimations,0x3d81b8,1396,8,method.WCLGSettingsViewController.startBackgroundAnimations
WCLGSettingsViewController,-,tableFrameForCurrentBounds,0x3d872c,220,3,method.WCLGSettingsViewController.tableFrameForCurrentBounds
WCLGSettingsViewController,-,layoutSettingsTableForCurrentBounds,0x3d8808,320,4,method.WCLGSettingsViewController.layoutSettingsTableForCurrentBounds
WCLGSettingsViewController,-,viewDidLoad,0x3d8ac8,2248,14,method.WCLGSettingsViewController.viewDidLoad
WCLGSettingsViewController,-,viewWillAppear:,0x3d9390,440,1,method.WCLGSettingsViewController.viewWillAppear:
WCLGSettingsViewController,-,viewDidAppear:,0x3d9620,192,1,method.WCLGSettingsViewController.viewDidAppear:
WCLGSettingsViewController,-,viewDidLayoutSubviews,0x3d97b8,112,1,method.WCLGSettingsViewController.viewDidLayoutSubviews
WCLGSettingsViewController,-,traitCollectionDidChange:,0x3d9828,364,1,method.WCLGSettingsViewController.traitCollectionDidChange:
WCLGSettingsViewController,-,refreshRootEdgeFadeMaskFrame,0x3d9994,452,4,method.WCLGSettingsViewController.refreshRootEdgeFadeMaskFrame
WCLGSettingsViewController,-,suppressRootNativeEdgeEffectsRecursively:,0x3d9b58,1500,23,method.WCLGSettingsViewController.suppressRootNativeEdgeEffectsRecursively:
WCLGSettingsViewController,-,refreshRootEdgeFades,0x3dabac,4464,24,method.WCLGSettingsViewController.refreshRootEdgeFades
WCLGSettingsViewController,-,scrollViewDidScroll:,0x3dbd1c,204,6,method.WCLGSettingsViewController.scrollViewDidScroll:
WCLGSettingsViewController,-,dismissSettings,0x3dbde8,264,8,method.WCLGSettingsViewController.dismissSettings
WCLGSettingsViewController,-,titleForPanel:,0x3dbef0,3520,5,method.WCLGSettingsViewController.titleForPanel:
WCLGSettingsViewController,-,headerViewWithWidth:,0x3dccf8,2872,12,method.WCLGSettingsViewController.headerViewWithWidth:
WCLGSettingsViewController,-,numberOfSectionsInTableView:,0x3dd830,224,14,method.WCLGSettingsViewController.numberOfSectionsInTableView:
WCLGSettingsViewController,-,tableView:numberOfRowsInSection:,0x3dd910,920,38,method.WCLGSettingsViewController.tableView:numberOfRowsInSection:
WCLGSettingsViewController,-,tableView:canEditRowAtIndexPath:,0x3ddd04,108,4,method.WCLGSettingsViewController.tableView:canEditRowAtIndexPath:
WCLGSettingsViewController,-,tableView:editingStyleForRowAtIndexPath:,0x3ddd70,8,1,method.WCLGSettingsViewController.tableView:editingStyleForRowAtIndexPath:
WCLGSettingsViewController,-,tableView:shouldIndentWhileEditingRowAtIndexPath:,0x3ddd78,8,1,method.WCLGSettingsViewController.tableView:shouldIndentWhileEditingRowAtIndexPath:
WCLGSettingsViewController,-,tableView:canMoveRowAtIndexPath:,0x3ddd80,108,4,method.WCLGSettingsViewController.tableView:canMoveRowAtIndexPath:
WCLGSettingsViewController,-,tableView:targetIndexPathForMoveFromRowAtIndexPath:toProposedIndexPath:,0x3dddec,164,4,method.WCLGSettingsViewController.tableView:targetIndexPathForMoveFromRowAtIndexPath:toProposedIndexPath:
WCLGSettingsViewController,-,tableView:moveRowAtIndexPath:toIndexPath:,0x3dde90,340,8,method.WCLGSettingsViewController.tableView:moveRowAtIndexPath:toIndexPath:
WCLGSettingsViewController,-,tableView:titleForHeaderInSection:,0x3ddfe4,3228,24,method.WCLGSettingsViewController.tableView:titleForHeaderInSection:
WCLGSettingsViewController,-,tableView:heightForHeaderInSection:,0x3dec80,84,3,method.WCLGSettingsViewController.tableView:heightForHeaderInSection:
WCLGSettingsViewController,-,tableView:titleForFooterInSection:,0x3decd4,10424,23,method.WCLGSettingsViewController.tableView:titleForFooterInSection:
WCLGSettingsViewController,-,tableView:heightForFooterInSection:,0x3e158c,860,27,method.WCLGSettingsViewController.tableView:heightForFooterInSection:
WCLGSettingsViewController,-,rootFooterHeightForTableView:,0x3e18e8,252,1,method.WCLGSettingsViewController.rootFooterHeightForTableView:
WCLGSettingsViewController,-,tableView:viewForFooterInSection:,0x3e19e4,1788,9,method.WCLGSettingsViewController.tableView:viewForFooterInSection:
WCLGSettingsViewController,-,tableView:heightForRowAtIndexPath:,0x3e20e0,528,27,method.WCLGSettingsViewController.tableView:heightForRowAtIndexPath:
WCLGSettingsViewController,-,preparedSettingsCellForTableView:,0x3e22f0,1944,14,method.WCLGSettingsViewController.preparedSettingsCellForTableView:
WCLGSettingsViewController,-,configureSwitchCell:switch:title:detail:tag:on:enabled:,0x3e2a88,408,1,method.WCLGSettingsViewController.configureSwitchCell:switch:title:detail:tag:on:enabled:
WCLGSettingsViewController,-,configurePickerCell:title:detail:enabled:,0x3e2c20,376,1,method.WCLGSettingsViewController.configurePickerCell:title:detail:enabled:
WCLGSettingsViewController,-,configureSegmentedCell:title:items:selectedIndex:tag:enabled:,0x3e2d98,680,1,method.WCLGSettingsViewController.configureSegmentedCell:title:items:selectedIndex:tag:enabled:
WCLGSettingsViewController,-,tabBarIconOffsetDisplayValue:,0x3e3040,268,5,method.WCLGSettingsViewController.tabBarIconOffsetDisplayValue:
WCLGSettingsViewController,-,tabBarAdjustmentModeTitle:,0x3e314c,160,5,method.WCLGSettingsViewController.tabBarAdjustmentModeTitle:
WCLGSettingsViewController,-,tabBarIconOffsetDetailForMode:axis:,0x3e31ec,1200,3,method.WCLGSettingsViewController.tabBarIconOffsetDetailForMode:axis:
WCLGSettingsViewController,-,tabBarIconSpacingDetailForMode:,0x3e369c,604,3,method.WCLGSettingsViewController.tabBarIconSpacingDetailForMode:
WCLGSettingsViewController,-,configureTabBarIconOffsetCell:axis:value:enabled:,0x3e38f8,2140,17,method.WCLGSettingsViewController.configureTabBarIconOffsetCell:axis:value:enabled:
WCLGSettingsViewController,-,tabBarIconScaleDisplayValue:,0x3e41d4,212,3,method.WCLGSettingsViewController.tabBarIconScaleDisplayValue:
WCLGSettingsViewController,-,configureTabBarIconScaleCell:value:enabled:,0x3e42a8,2188,6,method.WCLGSettingsViewController.configureTabBarIconScaleCell:value:enabled:
WCLGSettingsViewController,-,homeTextMetricDisplayValue:suffix:,0x3e4b34,384,3,method.WCLGSettingsViewController.homeTextMetricDisplayValue:suffix:
WCLGSettingsViewController,-,configureHomeTextMetricCell:title:detail:value:minimum:maximum:step:tag:,0x3e4cb4,1020,1,method.WCLGSettingsViewController.configureHomeTextMetricCell:title:detail:value:minimum:maximum:step:tag:
WCLGSettingsViewController,-,displayNameForHomeCardID:,0x3e50b0,1184,12,method.WCLGSettingsViewController.displayNameForHomeCardID:
WCLGSettingsViewController,-,configureFuncCardStepperCell:title:detail:value:minimum:maximum:step:suffix:tag:,0x3e5550,1096,1,method.WCLGSettingsViewController.configureFuncCardStepperCell:title:detail:value:minimum:maximum:step:suffix:tag:
WCLGSettingsViewController,-,rootCardWithFrame:title:detail:symbol:tag:enabled:switchView:,0x3e5998,2640,17,method.WCLGSettingsViewController.rootCardWithFrame:title:detail:symbol:tag:enabled:switchView:
WCLGSettingsViewController,-,rootGridCellForTableView:indexPath:,0x3e63e8,12864,37,method.WCLGSettingsViewController.rootGridCellForTableView:indexPath:
WCLGSettingsViewController,-,tableView:cellForRowAtIndexPath:,0x3e9628,110508,844,method.WCLGSettingsViewController.tableView:cellForRowAtIndexPath:
WCLGSettingsViewController,-,showOfficialAccountAlert,0x4063c8,704,6,method.WCLGSettingsViewController.showOfficialAccountAlert
WCLGSettingsViewController,-,officialAccountReadyForAction,0x4066a0,108,5,method.WCLGSettingsViewController.officialAccountReadyForAction
WCLGSettingsViewController,-,reconcileDependentFeatureSwitches,0x40670c,712,30,method.WCLGSettingsViewController.reconcileDependentFeatureSwitches
WCLGSettingsViewController,-,promptRestartForLiquidToggle,0x4069d4,952,5,method.WCLGSettingsViewController.promptRestartForLiquidToggle
WCLGSettingsViewController,-,applySMSIconVariantSegment:enabledKey:weightKey:refreshWindows:refreshTopMorphActions:refreshSMSBackChevron:,0x406e08,324,10,method.WCLGSettingsViewController.applySMSIconVariantSegment:enabledKey:weightKey:refreshWindows:refreshTopMorphActions:refreshSMSBackChevron:
WCLGSettingsViewController,-,segmentedControlChanged:,0x406f4c,2584,69,method.WCLGSettingsViewController.segmentedControlChanged:
WCLGSettingsViewController,-,toggleSwitch:,0x407964,12144,433,method.WCLGSettingsViewController.toggleSwitch:
WCLGSettingsViewController,-,tabBarIconOffsetStepperChanged:,0x40af80,512,10,method.WCLGSettingsViewController.tabBarIconOffsetStepperChanged:
WCLGSettingsViewController,-,tabBarIconScaleStepperChanged:,0x40b180,376,3,method.WCLGSettingsViewController.tabBarIconScaleStepperChanged:
WCLGSettingsViewController,-,homeTextMetricStepperChanged:,0x40b2f8,3016,90,method.WCLGSettingsViewController.homeTextMetricStepperChanged:
WCLGSettingsViewController,-,funcCardStepperChanged:,0x40bf14,964,26,method.WCLGSettingsViewController.funcCardStepperChanged:
WCLGSettingsViewController,-,openReleasePage,0x40c2d8,148,3,method.WCLGSettingsViewController.openReleasePage
WCLGSettingsViewController,-,promptAddHomeGroup,0x40c36c,696,3,method.WCLGSettingsViewController.promptAddHomeGroup
WCLGSettingsViewController,-,promptRenameHomeGroup:,0x40c824,772,5,method.WCLGSettingsViewController.promptRenameHomeGroup:
WCLGSettingsViewController,-,presentHomeGroupActionsForGroup:atDisplayIndex:,0x40cd78,2860,19,method.WCLGSettingsViewController.presentHomeGroupActionsForGroup:atDisplayIndex:
WCLGSettingsViewController,-,configureHomeGroupsOffsetSliderCell:value:enabled:,0x40dcd4,1464,6,method.WCLGSettingsViewController.configureHomeGroupsOffsetSliderCell:value:enabled:
WCLGSettingsViewController,-,homeGroupsOffsetSliderChanged:,0x40e28c,964,11,method.WCLGSettingsViewController.homeGroupsOffsetSliderChanged:
WCLGSettingsViewController,-,homeGroupsOffsetSliderDone:,0x40e650,112,1,method.WCLGSettingsViewController.homeGroupsOffsetSliderDone:
WCLGSettingsViewController,-,configureChatBubbleCompactGapSliderCell:title:key:value:enabled:,0x40e6c0,936,3,method.WCLGSettingsViewController.configureChatBubbleCompactGapSliderCell:title:key:value:enabled:
WCLGSettingsViewController,-,configureChatIndentSliderCell:title:key:value:enabled:,0x40ea68,944,3,method.WCLGSettingsViewController.configureChatIndentSliderCell:title:key:value:enabled:
WCLGSettingsViewController,-,configureAvatarCardSliderCell:title:key:value:minimum:maximum:enabled:,0x40ee18,940,3,method.WCLGSettingsViewController.configureAvatarCardSliderCell:title:key:value:minimum:maximum:enabled:
WCLGSettingsViewController,-,chatBubbleCompactGapSliderChanged:,0x40f1c4,524,8,method.WCLGSettingsViewController.chatBubbleCompactGapSliderChanged:
WCLGSettingsViewController,-,chatBubbleCompactGapSliderDone:,0x40f3d0,536,8,method.WCLGSettingsViewController.chatBubbleCompactGapSliderDone:
WCLGSettingsViewController,-,configureAvatarScaleSliderCell:title:key:value:enabled:,0x40f5e8,932,3,method.WCLGSettingsViewController.configureAvatarScaleSliderCell:title:key:value:enabled:
WCLGSettingsViewController,-,avatarScaleSliderChanged:,0x40f98c,508,8,method.WCLGSettingsViewController.avatarScaleSliderChanged:
WCLGSettingsViewController,-,avatarScaleSliderDone:,0x40fb88,216,3,method.WCLGSettingsViewController.avatarScaleSliderDone:
WCLGSettingsViewController,-,wclgPresentSingleBubblePositionPicker,0x40fc60,1460,8,method.WCLGSettingsViewController.wclgPresentSingleBubblePositionPicker
WCLGSettingsViewController,-,wclgPresentBubblePackPicker,0x410428,3800,24,method.WCLGSettingsViewController.wclgPresentBubblePackPicker
WCLGSettingsViewController,-,wclgBubbleActionThumbnailForName:,0x411524,964,19,method.WCLGSettingsViewController.wclgBubbleActionThumbnailForName:
WCLGSettingsViewController,-,wclgAttachBubbleThumbnailForName:toAction:,0x4118e8,268,5,method.WCLGSettingsViewController.wclgAttachBubbleThumbnailForName:toAction:
WCLGSettingsViewController,-,wclgPresentBubbleRolePickerSender:dark:,0x411a0c,4088,22,method.WCLGSettingsViewController.wclgPresentBubbleRolePickerSender:dark:
WCLGSettingsViewController,-,configureMergeInsetSliderCell:title:detail:key:value:enabled:,0x412b3c,880,1,method.WCLGSettingsViewController.configureMergeInsetSliderCell:title:detail:key:value:enabled:
WCLGSettingsViewController,-,mergeInsetSliderChanged:,0x413088,384,6,method.WCLGSettingsViewController.mergeInsetSliderChanged:
WCLGSettingsViewController,-,mergeInsetSliderDone:,0x413208,216,3,method.WCLGSettingsViewController.mergeInsetSliderDone:
WCLGSettingsViewController,-,configureHomeGroupsGapSliderCell:value:enabled:,0x4132e0,1456,6,method.WCLGSettingsViewController.configureHomeGroupsGapSliderCell:value:enabled:
WCLGSettingsViewController,-,homeGroupsGapSliderChanged:,0x413890,1000,11,method.WCLGSettingsViewController.homeGroupsGapSliderChanged:
WCLGSettingsViewController,-,homeGroupsGapSliderDone:,0x413c78,112,1,method.WCLGSettingsViewController.homeGroupsGapSliderDone:
WCLGSettingsViewController,-,configureHomeGroupsWidthSliderCell:value:enabled:,0x413ce8,1508,6,method.WCLGSettingsViewController.configureHomeGroupsWidthSliderCell:value:enabled:
WCLGSettingsViewController,-,homeGroupsWidthSliderChanged:,0x4142cc,1016,11,method.WCLGSettingsViewController.homeGroupsWidthSliderChanged:
WCLGSettingsViewController,-,homeGroupsWidthSliderDone:,0x4146c4,112,1,method.WCLGSettingsViewController.homeGroupsWidthSliderDone:
WCLGSettingsViewController,-,configureHomeGroupsStripFontSliderCell:value:enabled:,0x414734,996,3,method.WCLGSettingsViewController.configureHomeGroupsStripFontSliderCell:value:enabled:
WCLGSettingsViewController,-,homeGroupsStripFontSliderChanged:,0x414b18,540,8,method.WCLGSettingsViewController.homeGroupsStripFontSliderChanged:
WCLGSettingsViewController,-,homeGroupsStripFontSliderDone:,0x414d34,116,1,method.WCLGSettingsViewController.homeGroupsStripFontSliderDone:
WCLGSettingsViewController,-,configureHomeGroupsStripWidthSliderCell:value:enabled:,0x414da8,1012,3,method.WCLGSettingsViewController.configureHomeGroupsStripWidthSliderCell:value:enabled:
WCLGSettingsViewController,-,homeGroupsStripWidthSliderChanged:,0x41519c,544,8,method.WCLGSettingsViewController.homeGroupsStripWidthSliderChanged:
WCLGSettingsViewController,-,homeGroupsStripWidthSliderDone:,0x4153bc,112,1,method.WCLGSettingsViewController.homeGroupsStripWidthSliderDone:
WCLGSettingsViewController,-,configureHomeGroupsStripOffsetSliderCell:value:enabled:,0x41542c,1432,6,method.WCLGSettingsViewController.configureHomeGroupsStripOffsetSliderCell:value:enabled:
WCLGSettingsViewController,-,homeGroupsStripOffsetSliderChanged:,0x4159c4,964,11,method.WCLGSettingsViewController.homeGroupsStripOffsetSliderChanged:
WCLGSettingsViewController,-,homeGroupsStripOffsetSliderDone:,0x415d88,112,1,method.WCLGSettingsViewController.homeGroupsStripOffsetSliderDone:
WCLGSettingsViewController,-,wclgDefaultExpandedGroupName,0x415df8,724,22,method.WCLGSettingsViewController.wclgDefaultExpandedGroupName
WCLGSettingsViewController,-,presentHomeGroupsFullscreenEdgePicker,0x4160cc,2184,19,method.WCLGSettingsViewController.presentHomeGroupsFullscreenEdgePicker
WCLGSettingsViewController,-,wclgFullscreenDefaultGroupName,0x4169bc,844,22,method.WCLGSettingsViewController.wclgFullscreenDefaultGroupName
WCLGSettingsViewController,-,presentHomeGroupsFullscreenDefaultGroupPicker,0x416d08,2848,20,method.WCLGSettingsViewController.presentHomeGroupsFullscreenDefaultGroupPicker
WCLGSettingsViewController,-,presentHomeGroupsDefaultExpandedPicker,0x4178f8,2452,18,method.WCLGSettingsViewController.presentHomeGroupsDefaultExpandedPicker
WCLGSettingsViewController,-,presentHomeGroupsDefaultActionsAtIndex:,0x418340,2316,11,method.WCLGSettingsViewController.presentHomeGroupsDefaultActionsAtIndex:
WCLGSettingsViewController,-,presentHomeListCardValuePickerWithTitle:message:options:optionTitler:currentValue:onPick:,0x418d04,1392,18,method.WCLGSettingsViewController.presentHomeListCardValuePickerWithTitle:message:options:optionTitler:currentValue:onPick:
WCLGSettingsViewController,-,configureHomeListCardInsetSliderCell:value:enabled:,0x4192d0,1084,8,method.WCLGSettingsViewController.configureHomeListCardInsetSliderCell:value:enabled:
WCLGSettingsViewController,-,homeListCardInsetSliderChanged:,0x41970c,700,12,method.WCLGSettingsViewController.homeListCardInsetSliderChanged:
WCLGSettingsViewController,-,homeListCardInsetSliderDone:,0x4199c8,168,1,method.WCLGSettingsViewController.homeListCardInsetSliderDone:
WCLGSettingsViewController,-,configureHomeCardCornerSliderCell:title:value:key:enabled:,0x419a70,1060,8,method.WCLGSettingsViewController.configureHomeCardCornerSliderCell:title:value:key:enabled:
WCLGSettingsViewController,-,homeCardCornerSliderChanged:,0x419e94,608,12,method.WCLGSettingsViewController.homeCardCornerSliderChanged:
WCLGSettingsViewController,-,homeCardCornerSliderDone:,0x41a0f4,256,5,method.WCLGSettingsViewController.homeCardCornerSliderDone:
WCLGSettingsViewController,-,presentHomeListCardGapPicker,0x41a1f4,1044,5,method.WCLGSettingsViewController.presentHomeListCardGapPicker
WCLGSettingsViewController,-,pushHomeListCardColorPicker,0x41a764,616,7,method.WCLGSettingsViewController.pushHomeListCardColorPicker
WCLGSettingsViewController,-,presentHomeGroupsTextColorPicker,0x41aacc,4212,20,method.WCLGSettingsViewController.presentHomeGroupsTextColorPicker
WCLGSettingsViewController,-,pushHomeGroupsPillColorPickerSelected:,0x41bbdc,724,9,method.WCLGSettingsViewController.pushHomeGroupsPillColorPickerSelected:
WCLGSettingsViewController,-,presentHomeGroupsBadgeColorPicker,0x41bf8c,576,7,method.WCLGSettingsViewController.presentHomeGroupsBadgeColorPicker
WCLGSettingsViewController,-,pushHomeGroupsStripSelectedColorPicker,0x41c2a8,568,7,method.WCLGSettingsViewController.pushHomeGroupsStripSelectedColorPicker
WCLGSettingsViewController,-,presentHomePinnedBadgeColorPicker,0x41c5bc,460,5,method.WCLGSettingsViewController.presentHomePinnedBadgeColorPicker
WCLGSettingsViewController,-,presentHomeGroupMembersForGroupID:,0x41c85c,1560,20,method.WCLGSettingsViewController.presentHomeGroupMembersForGroupID:
WCLGSettingsViewController,-,rootCardTapped:,0x41d014,572,18,method.WCLGSettingsViewController.rootCardTapped:
WCLGSettingsViewController,-,pushHomeTextContentEditor,0x41d250,792,3,method.WCLGSettingsViewController.pushHomeTextContentEditor
WCLGSettingsViewController,-,pushFunctionCardHTMLEditor,0x41d6f4,1068,5,method.WCLGSettingsViewController.pushFunctionCardHTMLEditor
WCLGSettingsViewController,-,pushFunctionCardCodeLibrary,0x41dc14,300,1,method.WCLGSettingsViewController.pushFunctionCardCodeLibrary
WCLGSettingsViewController,-,pushFunctionCardURLEditor,0x41de28,928,3,method.WCLGSettingsViewController.pushFunctionCardURLEditor
WCLGSettingsViewController,-,pushHomeCapsulePinnedColorPickerTitle:lightKey:darkKey:lightMode:darkMode:,0x41e3a0,372,1,method.WCLGSettingsViewController.pushHomeCapsulePinnedColorPickerTitle:lightKey:darkKey:lightMode:darkMode:
WCLGSettingsViewController,-,pushFunctionCardColorPickerKey:title:,0x41e608,384,1,method.WCLGSettingsViewController.pushFunctionCardColorPickerKey:title:
WCLGSettingsViewController,-,pushVoiceWaveColorPicker,0x41e85c,504,3,method.WCLGSettingsViewController.pushVoiceWaveColorPicker
WCLGSettingsViewController,-,pushHomeTextFontSizesEditor,0x41eb5c,1060,3,method.WCLGSettingsViewController.pushHomeTextFontSizesEditor
WCLGSettingsViewController,-,pushHomeTextFontWeightsEditor,0x41f54c,1180,3,method.WCLGSettingsViewController.pushHomeTextFontWeightsEditor
WCLGSettingsViewController,-,pushSearchTabBarPlaceholderEditor,0x41ffc8,780,3,method.WCLGSettingsViewController.pushSearchTabBarPlaceholderEditor
WCLGSettingsViewController,-,presentSearchTabBarBadgeColorPicker,0x4205e8,824,13,method.WCLGSettingsViewController.presentSearchTabBarBadgeColorPicker
WCLGSettingsViewController,-,pushChatBottomPlaceholderEditor,0x420a80,796,3,method.WCLGSettingsViewController.pushChatBottomPlaceholderEditor
WCLGSettingsViewController,-,pushHomeTextColorPickerWithPurpose:key:darkKey:defaultMode:,0x421040,452,1,method.WCLGSettingsViewController.pushHomeTextColorPickerWithPurpose:key:darkKey:defaultMode:
WCLGSettingsViewController,-,pushPaymentBubbleTextColorPicker,0x421300,508,3,method.WCLGSettingsViewController.pushPaymentBubbleTextColorPicker
WCLGSettingsViewController,-,pushAvatarCardColorPickerTitle:lightKey:darkKey:,0x421600,468,1,method.WCLGSettingsViewController.pushAvatarCardColorPickerTitle:lightKey:darkKey:
WCLGSettingsViewController,-,promptAvatarCardTimeFormatForSelf:,0x4218c8,3536,11,method.WCLGSettingsViewController.promptAvatarCardTimeFormatForSelf:
WCLGSettingsViewController,-,pushChatTextColorPickerForSend:,0x4228d4,868,6,method.WCLGSettingsViewController.pushChatTextColorPickerForSend:
WCLGSettingsViewController,-,pushChatBottomSMSSendColorPicker,0x422d34,336,1,method.WCLGSettingsViewController.pushChatBottomSMSSendColorPicker
WCLGSettingsViewController,-,wclgPromptChatTopCapsuleSubtitle,0x422f88,1244,5,method.WCLGSettingsViewController.wclgPromptChatTopCapsuleSubtitle
WCLGSettingsViewController,-,pushSMSBottomBarIconColorPicker,0x423764,332,1,method.WCLGSettingsViewController.pushSMSBottomBarIconColorPicker
WCLGSettingsViewController,-,openImagePickerWithPurpose:allowsEditing:,0x4239b4,724,6,method.WCLGSettingsViewController.openImagePickerWithPurpose:allowsEditing:
WCLGSettingsViewController,-,openChatBottomTGAvatarImagePicker,0x423c88,20,1,method.WCLGSettingsViewController.openChatBottomTGAvatarImagePicker
WCLGSettingsViewController,-,openHomePinnedMaskImagePickerForDark:,0x423c9c,28,1,method.WCLGSettingsViewController.openHomePinnedMaskImagePickerForDark:
WCLGSettingsViewController,-,openHomePinnedMaskDocumentPickerForDark:,0x423cb8,616,9,method.WCLGSettingsViewController.openHomePinnedMaskDocumentPickerForDark:
WCLGSettingsViewController,-,documentPicker:didPickDocumentsAtURLs:,0x423f20,1508,39,method.WCLGSettingsViewController.documentPicker:didPickDocumentsAtURLs:
WCLGSettingsViewController,-,presentHomePinnedMaskPicker,0x424504,3200,9,method.WCLGSettingsViewController.presentHomePinnedMaskPicker
WCLGSettingsViewController,-,openChatWallpaperImagePickerForDarkMode:,0x4253a4,28,1,method.WCLGSettingsViewController.openChatWallpaperImagePickerForDarkMode:
WCLGSettingsViewController,-,openHomeWallpaperImagePickerForDarkMode:,0x4253c0,28,1,method.WCLGSettingsViewController.openHomeWallpaperImagePickerForDarkMode:
WCLGSettingsViewController,-,presentChatBottomTGAvatarPicker,0x4253dc,1672,7,method.WCLGSettingsViewController.presentChatBottomTGAvatarPicker
WCLGSettingsViewController,-,presentChatWallpaperPickerForDarkMode:,0x425b2c,1816,7,method.WCLGSettingsViewController.presentChatWallpaperPickerForDarkMode:
WCLGSettingsViewController,-,presentHomeWallpaperPickerForDarkMode:,0x426318,1892,7,method.WCLGSettingsViewController.presentHomeWallpaperPickerForDarkMode:
WCLGSettingsViewController,-,refreshLibraryFooter,0x426b50,864,16,method.WCLGSettingsViewController.refreshLibraryFooter
WCLGSettingsViewController,-,buildImageLibraryFooterWithWidth:category:title:,0x426eb0,4860,21,method.WCLGSettingsViewController.buildImageLibraryFooterWithWidth:category:title:
WCLGSettingsViewController,-,currentLibraryCategory,0x4281ac,104,4,method.WCLGSettingsViewController.currentLibraryCategory
WCLGSettingsViewController,-,presentMultiPhotoPickerForLibraryCategory:,0x428214,740,7,method.WCLGSettingsViewController.presentMultiPhotoPickerForLibraryCategory:
WCLGSettingsViewController,-,presentMultiDocumentPickerForLibraryCategory:,0x4284f8,572,5,method.WCLGSettingsViewController.presentMultiDocumentPickerForLibraryCategory:
WCLGSettingsViewController,-,finishLibraryBatchAdd:category:,0x428734,88,1,method.WCLGSettingsViewController.finishLibraryBatchAdd:category:
WCLGSettingsViewController,-,picker:didFinishPicking:,0x42879c,812,14,method.WCLGSettingsViewController.picker:didFinishPicking:
WCLGSettingsViewController,-,imageLibraryAddTapped:,0x428b4c,1488,3,method.WCLGSettingsViewController.imageLibraryAddTapped:
WCLGSettingsViewController,-,imageLibraryThumbTapped:,0x4291c4,408,7,method.WCLGSettingsViewController.imageLibraryThumbTapped:
WCLGSettingsViewController,-,presentSubtitleIconLibraryActionsForItem:sourceView:,0x42935c,1248,3,method.WCLGSettingsViewController.presentSubtitleIconLibraryActionsForItem:sourceView:
WCLGSettingsViewController,-,presentWallpaperHistoryActionsForItem:sourceView:,0x429a24,2256,12,method.WCLGSettingsViewController.presentWallpaperHistoryActionsForItem:sourceView:
WCLGSettingsViewController,-,presentAvatarLibraryActionsForItem:sourceView:,0x42a4d4,1056,12,method.WCLGSettingsViewController.presentAvatarLibraryActionsForItem:sourceView:
WCLGSettingsViewController,-,afterImageLibraryChanged,0x42a964,84,1,method.WCLGSettingsViewController.afterImageLibraryChanged
WCLGSettingsViewController,-,roundedThumbForImage:side:,0x42a9b8,404,4,method.WCLGSettingsViewController.roundedThumbForImage:side:
WCLGSettingsViewController,-,displayNameForWxid:,0x42ab4c,2280,23,method.WCLGSettingsViewController.displayNameForWxid:
WCLGSettingsViewController,-,configureAvatarUserCell:wxid:,0x42b464,824,3,method.WCLGSettingsViewController.configureAvatarUserCell:wxid:
WCLGSettingsViewController,-,handleAvatarReplaceSelectionAtRow:sourceView:,0x42b79c,564,8,method.WCLGSettingsViewController.handleAvatarReplaceSelectionAtRow:sourceView:
WCLGSettingsViewController,-,imagePickerController:didFinishPickingMediaWithInfo:,0x42bac4,844,26,method.WCLGSettingsViewController.imagePickerController:didFinishPickingMediaWithInfo:
WCLGSettingsViewController,-,imagePickerControllerDidCancel:,0x42c2ac,88,1,method.WCLGSettingsViewController.imagePickerControllerDidCancel:
WCLGSettingsViewController,-,tableView:didSelectRowAtIndexPath:,0x42c304,10540,389,method.WCLGSettingsViewController.tableView:didSelectRowAtIndexPath:
WCLGSettingsViewController,-,pushTabBarRightSearchSizePicker,0x42edcc,1456,16,method.WCLGSettingsViewController.pushTabBarRightSearchSizePicker
WCLGSettingsViewController,-,pushSearchTabBarSizePicker,0x42f4bc,1596,14,method.WCLGSettingsViewController.pushSearchTabBarSizePicker
WCLGSettingsViewController,-,pushColorPickerOutgoing:,0x42fc60,388,1,method.WCLGSettingsViewController.pushColorPickerOutgoing:
WCLGSettingsViewController,-,pushFlowColorPickerStart:,0x42ff04,396,1,method.WCLGSettingsViewController.pushFlowColorPickerStart:
WCLGSettingsViewController,-,pushChatTopMorphDefaultPickerForGroup:,0x4301b8,1964,10,method.WCLGSettingsViewController.pushChatTopMorphDefaultPickerForGroup:
WCLGSettingsViewController,-,pushBottomGlassModePicker,0x4309cc,628,7,method.WCLGSettingsViewController.pushBottomGlassModePicker
WCLGSettingsViewController,-,pushGlassSizePicker,0x430cd0,628,7,method.WCLGSettingsViewController.pushGlassSizePicker
WCLGSettingsViewController,-,showAdminContactAlert,0x430fd4,664,5,method.WCLGSettingsViewController.showAdminContactAlert
WCLGSettingsViewController,-,tableView,0x431270,16,1,method.WCLGSettingsViewController.tableView
WCLGSettingsViewController,-,setTableView:,0x431280,20,1,method.WCLGSettingsViewController.setTableView:
WCLGSettingsViewController,-,backgroundContainer,0x431294,16,1,method.WCLGSettingsViewController.backgroundContainer
WCLGSettingsViewController,-,setBackgroundContainer:,0x4312a4,20,1,method.WCLGSettingsViewController.setBackgroundContainer:
WCLGSettingsViewController,-,backgroundGradientA,0x4312b8,16,1,method.WCLGSettingsViewController.backgroundGradientA
WCLGSettingsViewController,-,setBackgroundGradientA:,0x4312c8,20,1,method.WCLGSettingsViewController.setBackgroundGradientA:
WCLGSettingsViewController,-,backgroundGradientB,0x4312dc,16,1,method.WCLGSettingsViewController.backgroundGradientB
WCLGSettingsViewController,-,setBackgroundGradientB:,0x4312ec,20,1,method.WCLGSettingsViewController.setBackgroundGradientB:
WCLGSettingsViewController,-,panel,0x431300,16,1,method.WCLGSettingsViewController.panel
WCLGSettingsViewController,-,setPanel:,0x431310,16,1,method.WCLGSettingsViewController.setPanel:
WCLGSettingsViewController,-,rootTableRevealed,0x431320,16,1,method.WCLGSettingsViewController.rootTableRevealed
WCLGSettingsViewController,-,setRootTableRevealed:,0x431330,16,1,method.WCLGSettingsViewController.setRootTableRevealed:
WCLGSettingsViewController,-,rootTopFadeView,0x431340,16,1,method.WCLGSettingsViewController.rootTopFadeView
WCLGSettingsViewController,-,setRootTopFadeView:,0x431350,20,1,method.WCLGSettingsViewController.setRootTopFadeView:
WCLGSettingsViewController,-,rootBottomFadeView,0x431364,16,1,method.WCLGSettingsViewController.rootBottomFadeView
WCLGSettingsViewController,-,setRootBottomFadeView:,0x431374,20,1,method.WCLGSettingsViewController.setRootBottomFadeView:
WCLGSettingsViewController,-,rootEdgeFadeMask,0x431388,16,1,method.WCLGSettingsViewController.rootEdgeFadeMask
WCLGSettingsViewController,-,setRootEdgeFadeMask:,0x431398,20,1,method.WCLGSettingsViewController.setRootEdgeFadeMask:
WCLGGetButton,-,initWithFrame:,0x4454f4,2316,3,method.WCLGGetButton.initWithFrame:
WCLGGetButton,-,setIdleTitle:icon:,0x445e00,256,1,method.WCLGGetButton.setIdleTitle:icon:
WCLGGetButton,-,setDownloading:,0x445f00,336,3,method.WCLGGetButton.setDownloading:
WCLGGetButton,-,setProgress:,0x446050,168,1,method.WCLGGetButton.setProgress:
WCLGGetButton,-,layoutSubviews,0x4460f8,904,1,method.WCLGGetButton.layoutSubviews
WCLGGetButton,-,tapped,0x446480,144,4,method.WCLGGetButton.tapped
WCLGGetButton,-,onTap,0x446510,16,1,method.WCLGGetButton.onTap
WCLGGetButton,-,setOnTap:,0x446520,12,1,method.WCLGGetButton.setOnTap:
WCLGGetButton,-,pill,0x44652c,16,1,method.WCLGGetButton.pill
WCLGGetButton,-,setPill:,0x44653c,20,1,method.WCLGGetButton.setPill:
WCLGGetButton,-,pillIcon,0x446550,16,1,method.WCLGGetButton.pillIcon
WCLGGetButton,-,setPillIcon:,0x446560,20,1,method.WCLGGetButton.setPillIcon:
WCLGGetButton,-,pillLabel,0x446574,16,1,method.WCLGGetButton.pillLabel
WCLGGetButton,-,setPillLabel:,0x446584,20,1,method.WCLGGetButton.setPillLabel:
WCLGGetButton,-,track,0x446598,16,1,method.WCLGGetButton.track
WCLGGetButton,-,setTrack:,0x4465a8,20,1,method.WCLGGetButton.setTrack:
WCLGGetButton,-,ring,0x4465bc,16,1,method.WCLGGetButton.ring
WCLGGetButton,-,setRing:,0x4465cc,20,1,method.WCLGGetButton.setRing:
WCLGGetButton,-,stopSquare,0x4465e0,16,1,method.WCLGGetButton.stopSquare
WCLGGetButton,-,setStopSquare:,0x4465f0,20,1,method.WCLGGetButton.setStopSquare:
WCLGGetButton,-,downloading,0x446604,16,1,method.WCLGGetButton.downloading
WCLGImageZoom,-,initWithImage:,0x4466b8,136,3,method.WCLGImageZoom.initWithImage:
WCLGImageZoom,-,viewDidLoad,0x446740,1296,1,method.WCLGImageZoom.viewDidLoad
WCLGImageZoom,-,viewForZoomingInScrollView:,0x446c50,12,1,method.WCLGImageZoom.viewForZoomingInScrollView:
WCLGImageZoom,-,doubleTap:,0x446c5c,148,1,method.WCLGImageZoom.doubleTap:
WCLGImageZoom,-,dismissSelf,0x446cf0,20,1,method.WCLGImageZoom.dismissSelf
WCLGImageZoom,-,image,0x446d04,16,1,method.WCLGImageZoom.image
WCLGImageZoom,-,setImage:,0x446d14,20,1,method.WCLGImageZoom.setImage:
WCLGImageZoom,-,scroll,0x446d28,16,1,method.WCLGImageZoom.scroll
WCLGImageZoom,-,setScroll:,0x446d38,20,1,method.WCLGImageZoom.setScroll:
WCLGImageZoom,-,imageView,0x446d4c,16,1,method.WCLGImageZoom.imageView
WCLGImageZoom,-,setImageView:,0x446d5c,20,1,method.WCLGImageZoom.setImageView:
WCLGThemeDetailViewController,-,initWithTheme:download:,0x446dc4,184,3,method.WCLGThemeDetailViewController.initWithTheme:download:
WCLGThemeDetailViewController,-,dealloc,0x446e7c,100,1,method.WCLGThemeDetailViewController.dealloc
WCLGThemeDetailViewController,-,viewDidLoad,0x446ee0,864,3,method.WCLGThemeDetailViewController.viewDidLoad
WCLGThemeDetailViewController,-,stateTitle,0x447240,708,12,method.WCLGThemeDetailViewController.stateTitle
WCLGThemeDetailViewController,-,stateIcon,0x447504,1940,12,method.WCLGThemeDetailViewController.stateIcon
WCLGThemeDetailViewController,-,buildContent,0x447c98,7768,29,method.WCLGThemeDetailViewController.buildContent
WCLGThemeDetailViewController,-,addSubPackagesAtY:width:pad:,0x449b24,3900,16,method.WCLGThemeDetailViewController.addSubPackagesAtY:width:pad:
WCLGThemeDetailViewController,-,subPackageTapped:,0x44aa60,476,4,method.WCLGThemeDetailViewController.subPackageTapped:
WCLGThemeDetailViewController,-,wclgDismissModal,0x44ac40,20,1,method.WCLGThemeDetailViewController.wclgDismissModal
WCLGThemeDetailViewController,-,addLiveCardPreviewAtY:width:pad:,0x44ac54,3376,3,method.WCLGThemeDetailViewController.addLiveCardPreviewAtY:width:pad:
WCLGThemeDetailViewController,-,layoutLiveCardPreviewForWidth:,0x44b984,968,3,method.WCLGThemeDetailViewController.layoutLiveCardPreviewForWidth:
WCLGThemeDetailViewController,-,viewDidLayoutSubviews,0x44bd4c,216,4,method.WCLGThemeDetailViewController.viewDidLayoutSubviews
WCLGThemeDetailViewController,-,loadLiveCardPreview,0x44be24,1104,10,method.WCLGThemeDetailViewController.loadLiveCardPreview
WCLGThemeDetailViewController,-,renderLiveCardPreviewHTML:generation:,0x44c610,968,9,method.WCLGThemeDetailViewController.renderLiveCardPreviewHTML:generation:
WCLGThemeDetailViewController,-,webView:decidePolicyForNavigationAction:decisionHandler:,0x44c9d8,1008,15,method.WCLGThemeDetailViewController.webView:decidePolicyForNavigationAction:decisionHandler:
WCLGThemeDetailViewController,-,webView:didFinishNavigation:,0x44cdc8,240,5,method.WCLGThemeDetailViewController.webView:didFinishNavigation:
WCLGThemeDetailViewController,-,webView:didFailNavigation:withError:,0x44ceb8,24,1,method.WCLGThemeDetailViewController.webView:didFailNavigation:withError:
WCLGThemeDetailViewController,-,webView:didFailProvisionalNavigation:withError:,0x44ced0,24,1,method.WCLGThemeDetailViewController.webView:didFailProvisionalNavigation:withError:
WCLGThemeDetailViewController,-,showCardPreviewNavigationError:navigation:inWebView:,0x44cee8,1196,15,method.WCLGThemeDetailViewController.showCardPreviewNavigationError:navigation:inWebView:
WCLGThemeDetailViewController,-,traitCollectionDidChange:,0x44d394,200,3,method.WCLGThemeDetailViewController.traitCollectionDidChange:
WCLGThemeDetailViewController,-,addSeparatorAtY:width:pad:,0x44d45c,256,1,method.WCLGThemeDetailViewController.addSeparatorAtY:width:pad:
WCLGThemeDetailViewController,-,previewTapped:,0x44d55c,260,4,method.WCLGThemeDetailViewController.previewTapped:
WCLGThemeDetailViewController,-,startDownload,0x44d660,584,3,method.WCLGThemeDetailViewController.startDownload
WCLGThemeDetailViewController,-,primaryButtonTapped,0x44e32c,1716,10,method.WCLGThemeDetailViewController.primaryButtonTapped
WCLGThemeDetailViewController,-,percentText:,0x44e9e0,208,3,method.WCLGThemeDetailViewController.percentText:
WCLGThemeDetailViewController,-,speedText:,0x44eab0,488,5,method.WCLGThemeDetailViewController.speedText:
WCLGThemeDetailViewController,-,toast:,0x44ec98,124,1,method.WCLGThemeDetailViewController.toast:
WCLGThemeDetailViewController,-,theme,0x44ed14,16,1,method.WCLGThemeDetailViewController.theme
WCLGThemeDetailViewController,-,setTheme:,0x44ed24,20,1,method.WCLGThemeDetailViewController.setTheme:
WCLGThemeDetailViewController,-,downloadHandler,0x44ed38,16,1,method.WCLGThemeDetailViewController.downloadHandler
WCLGThemeDetailViewController,-,setDownloadHandler:,0x44ed48,12,1,method.WCLGThemeDetailViewController.setDownloadHandler:
WCLGThemeDetailViewController,-,bg,0x44ed54,16,1,method.WCLGThemeDetailViewController.bg
WCLGThemeDetailViewController,-,setBg:,0x44ed64,20,1,method.WCLGThemeDetailViewController.setBg:
WCLGThemeDetailViewController,-,scroll,0x44ed78,16,1,method.WCLGThemeDetailViewController.scroll
WCLGThemeDetailViewController,-,setScroll:,0x44ed88,20,1,method.WCLGThemeDetailViewController.setScroll:
WCLGThemeDetailViewController,-,getButton,0x44ed9c,16,1,method.WCLGThemeDetailViewController.getButton
WCLGThemeDetailViewController,-,setGetButton:,0x44edac,20,1,method.WCLGThemeDetailViewController.setGetButton:
WCLGThemeDetailViewController,-,speedLabel,0x44edc0,16,1,method.WCLGThemeDetailViewController.speedLabel
WCLGThemeDetailViewController,-,setSpeedLabel:,0x44edd0,20,1,method.WCLGThemeDetailViewController.setSpeedLabel:
WCLGThemeDetailViewController,-,downloadedNow,0x44ede4,16,1,method.WCLGThemeDetailViewController.downloadedNow
WCLGThemeDetailViewController,-,setDownloadedNow:,0x44edf4,16,1,method.WCLGThemeDetailViewController.setDownloadedNow:
WCLGThemeDetailViewController,-,readyToApply,0x44ee04,16,1,method.WCLGThemeDetailViewController.readyToApply
WCLGThemeDetailViewController,-,setReadyToApply:,0x44ee14,16,1,method.WCLGThemeDetailViewController.setReadyToApply:
WCLGThemeDetailViewController,-,appliedNow,0x44ee24,16,1,method.WCLGThemeDetailViewController.appliedNow
WCLGThemeDetailViewController,-,setAppliedNow:,0x44ee34,16,1,method.WCLGThemeDetailViewController.setAppliedNow:
WCLGThemeDetailViewController,-,cardPreviewContainer,0x44ee44,16,1,method.WCLGThemeDetailViewController.cardPreviewContainer
WCLGThemeDetailViewController,-,setCardPreviewContainer:,0x44ee54,20,1,method.WCLGThemeDetailViewController.setCardPreviewContainer:
WCLGThemeDetailViewController,-,cardPreviewViewport,0x44ee68,16,1,method.WCLGThemeDetailViewController.cardPreviewViewport
WCLGThemeDetailViewController,-,setCardPreviewViewport:,0x44ee78,20,1,method.WCLGThemeDetailViewController.setCardPreviewViewport:
WCLGThemeDetailViewController,-,cardPreviewWebView,0x44ee8c,16,1,method.WCLGThemeDetailViewController.cardPreviewWebView
WCLGThemeDetailViewController,-,setCardPreviewWebView:,0x44ee9c,20,1,method.WCLGThemeDetailViewController.setCardPreviewWebView:
WCLGThemeDetailViewController,-,cardPreviewMediaController,0x44eeb0,16,1,method.WCLGThemeDetailViewController.cardPreviewMediaController
WCLGThemeDetailViewController,-,setCardPreviewMediaController:,0x44eec0,20,1,method.WCLGThemeDetailViewController.setCardPreviewMediaController:
WCLGThemeDetailViewController,-,cardPreviewMediaScope,0x44eed4,16,1,method.WCLGThemeDetailViewController.cardPreviewMediaScope
WCLGThemeDetailViewController,-,setCardPreviewMediaScope:,0x44eee4,12,1,method.WCLGThemeDetailViewController.setCardPreviewMediaScope:
WCLGThemeDetailViewController,-,cardPreviewStatus,0x44eef0,16,1,method.WCLGThemeDetailViewController.cardPreviewStatus
WCLGThemeDetailViewController,-,setCardPreviewStatus:,0x44ef00,20,1,method.WCLGThemeDetailViewController.setCardPreviewStatus:
WCLGThemeDetailViewController,-,cardPreviewNavigation,0x44ef14,16,1,method.WCLGThemeDetailViewController.cardPreviewNavigation
WCLGThemeDetailViewController,-,setCardPreviewNavigation:,0x44ef24,20,1,method.WCLGThemeDetailViewController.setCardPreviewNavigation:
WCLGThemeDetailViewController,-,cardPreviewGeneration,0x44ef38,16,1,method.WCLGThemeDetailViewController.cardPreviewGeneration
WCLGThemeDetailViewController,-,setCardPreviewGeneration:,0x44ef48,16,1,method.WCLGThemeDetailViewController.setCardPreviewGeneration:
WCLGThemeDetailViewController,-,cardPreviewLayoutWidth,0x44ef58,16,1,method.WCLGThemeDetailViewController.cardPreviewLayoutWidth
WCLGThemeDetailViewController,-,setCardPreviewLayoutWidth:,0x44ef68,16,1,method.WCLGThemeDetailViewController.setCardPreviewLayoutWidth:
WCLGThemeManageCell,-,initWithStyle:reuseIdentifier:,0x44f094,5276,7,method.WCLGThemeManageCell.initWithStyle:reuseIdentifier:
WCLGThemeManageCell,-,configureWithItem:active:,0x450530,1328,8,method.WCLGThemeManageCell.configureWithItem:active:
WCLGThemeManageCell,-,configureNoneForType:active:,0x450a60,1576,3,method.WCLGThemeManageCell.configureNoneForType:active:
WCLGThemeManageCell,-,themeIconView,0x451088,16,1,method.WCLGThemeManageCell.themeIconView
WCLGThemeManageCell,-,setThemeIconView:,0x451098,20,1,method.WCLGThemeManageCell.setThemeIconView:
WCLGThemeManageCell,-,nameLabel,0x4510ac,16,1,method.WCLGThemeManageCell.nameLabel
WCLGThemeManageCell,-,setNameLabel:,0x4510bc,20,1,method.WCLGThemeManageCell.setNameLabel:
WCLGThemeManageCell,-,detailLabel,0x4510d0,16,1,method.WCLGThemeManageCell.detailLabel
WCLGThemeManageCell,-,setDetailLabel:,0x4510e0,20,1,method.WCLGThemeManageCell.setDetailLabel:
WCLGThemeManageCell,-,activeLabel,0x4510f4,16,1,method.WCLGThemeManageCell.activeLabel
WCLGThemeManageCell,-,setActiveLabel:,0x451104,20,1,method.WCLGThemeManageCell.setActiveLabel:
WCLGThemeManageCell,-,menuIconView,0x451118,16,1,method.WCLGThemeManageCell.menuIconView
WCLGThemeManageCell,-,setMenuIconView:,0x451128,20,1,method.WCLGThemeManageCell.setMenuIconView:
WCLGThemeManageViewController,-,viewDidLoad,0x4511b8,3188,5,method.WCLGThemeManageViewController.viewDidLoad
WCLGThemeManageViewController,-,viewWillAppear:,0x451e2c,80,1,method.WCLGThemeManageViewController.viewWillAppear:
WCLGThemeManageViewController,-,viewDidLayoutSubviews,0x451e7c,644,1,method.WCLGThemeManageViewController.viewDidLayoutSubviews
WCLGThemeManageViewController,-,reload,0x452100,1152,19,method.WCLGThemeManageViewController.reload
WCLGThemeManageViewController,-,loadCatalogIconsIfNeeded,0x452580,220,3,method.WCLGThemeManageViewController.loadCatalogIconsIfNeeded
WCLGThemeManageViewController,-,segChanged,0x452a94,100,1,method.WCLGThemeManageViewController.segChanged
WCLGThemeManageViewController,-,current,0x452af8,124,1,method.WCLGThemeManageViewController.current
WCLGThemeManageViewController,-,currentType,0x452b74,336,3,method.WCLGThemeManageViewController.currentType
WCLGThemeManageViewController,-,activeThemeId,0x452cc4,92,1,method.WCLGThemeManageViewController.activeThemeId
WCLGThemeManageViewController,-,isActiveItem:,0x452d20,136,4,method.WCLGThemeManageViewController.isActiveItem:
WCLGThemeManageViewController,-,updateCurrentStatus,0x452da8,776,17,method.WCLGThemeManageViewController.updateCurrentStatus
WCLGThemeManageViewController,-,updateEmpty,0x4530b0,132,1,method.WCLGThemeManageViewController.updateEmpty
WCLGThemeManageViewController,-,tableView:numberOfRowsInSection:,0x453134,76,1,sym.func.00453134
WCLGThemeManageViewController,-,tableView:cellForRowAtIndexPath:,0x453180,460,6,sym.func.00453180
WCLGThemeManageViewController,-,tableView:didSelectRowAtIndexPath:,0x45334c,340,7,method.WCLGThemeManageViewController.tableView:didSelectRowAtIndexPath:
WCLGThemeManageViewController,-,deactivateCurrentTheme,0x4534a0,944,8,method.WCLGThemeManageViewController.deactivateCurrentTheme
WCLGThemeManageViewController,-,presentActionsForTheme:sourceView:,0x453850,1480,15,method.WCLGThemeManageViewController.presentActionsForTheme:sourceView:
WCLGThemeManageViewController,-,confirmRevoke:,0x453fa0,1708,10,method.WCLGThemeManageViewController.confirmRevoke:
WCLGThemeManageViewController,-,applyTheme:,0x4546a8,760,6,method.WCLGThemeManageViewController.applyTheme:
WCLGThemeManageViewController,-,removeLocal:,0x4549a0,356,6,method.WCLGThemeManageViewController.removeLocal:
WCLGThemeManageViewController,-,revoke:,0x454b04,424,3,method.WCLGThemeManageViewController.revoke:
WCLGThemeManageViewController,-,toast:,0x454e24,124,1,method.WCLGThemeManageViewController.toast:
WCLGThemeManageViewController,-,dismissSelf,0x454ea0,20,1,method.WCLGThemeManageViewController.dismissSelf
WCLGThemeManageViewController,-,seg,0x454eb4,16,1,method.WCLGThemeManageViewController.seg
WCLGThemeManageViewController,-,setSeg:,0x454ec4,20,1,method.WCLGThemeManageViewController.setSeg:
WCLGThemeManageViewController,-,segBar,0x454ed8,16,1,method.WCLGThemeManageViewController.segBar
WCLGThemeManageViewController,-,setSegBar:,0x454ee8,20,1,method.WCLGThemeManageViewController.setSegBar:
WCLGThemeManageViewController,-,currentLabel,0x454efc,16,1,method.WCLGThemeManageViewController.currentLabel
WCLGThemeManageViewController,-,setCurrentLabel:,0x454f0c,20,1,method.WCLGThemeManageViewController.setCurrentLabel:
WCLGThemeManageViewController,-,bg,0x454f20,16,1,method.WCLGThemeManageViewController.bg
WCLGThemeManageViewController,-,setBg:,0x454f30,20,1,method.WCLGThemeManageViewController.setBg:
WCLGThemeManageViewController,-,tableView,0x454f44,16,1,method.WCLGThemeManageViewController.tableView
WCLGThemeManageViewController,-,setTableView:,0x454f54,20,1,method.WCLGThemeManageViewController.setTableView:
WCLGThemeManageViewController,-,emptyLabel,0x454f68,16,1,method.WCLGThemeManageViewController.emptyLabel
WCLGThemeManageViewController,-,setEmptyLabel:,0x454f78,20,1,method.WCLGThemeManageViewController.setEmptyLabel:
WCLGThemeManageViewController,-,bubbles,0x454f8c,16,1,method.WCLGThemeManageViewController.bubbles
WCLGThemeManageViewController,-,setBubbles:,0x454f9c,20,1,method.WCLGThemeManageViewController.setBubbles:
WCLGThemeManageViewController,-,cards,0x454fb0,16,1,method.WCLGThemeManageViewController.cards
WCLGThemeManageViewController,-,setCards:,0x454fc0,20,1,method.WCLGThemeManageViewController.setCards:
WCLGThemeManageViewController,-,catalogIconURLs,0x454fd4,16,1,method.WCLGThemeManageViewController.catalogIconURLs
WCLGThemeManageViewController,-,setCatalogIconURLs:,0x454fe4,12,1,method.WCLGThemeManageViewController.setCatalogIconURLs:
WCLGThemeManageViewController,-,loadingCatalogIcons,0x454ff0,16,1,method.WCLGThemeManageViewController.loadingCatalogIcons
WCLGThemeManageViewController,-,setLoadingCatalogIcons:,0x455000,16,1,method.WCLGThemeManageViewController.setLoadingCatalogIcons:
WCLGThemeManageViewController,-,catalogIconsLoaded,0x455010,16,1,method.WCLGThemeManageViewController.catalogIconsLoaded
WCLGThemeManageViewController,-,setCatalogIconsLoaded:,0x455020,16,1,method.WCLGThemeManageViewController.setCatalogIconsLoaded:
WCLGThemeManageViewController,-,tableView:numberOfRowsInSection:,0x468b00,0,0,
WCLGThemeManageViewController,-,tableView:cellForRowAtIndexPath:,0x468b0c,0,0,
WCLGVoiceWaveView,-,initWithFrame:,0x4596f0,1024,7,method.WCLGVoiceWaveView.initWithFrame:
WCLGVoiceWaveView,-,wclgColorForStatus:,0x459b80,224,8,method.WCLGVoiceWaveView.wclgColorForStatus:
WCLGVoiceWaveView,-,wclgApplyColors,0x459c60,496,10,method.WCLGVoiceWaveView.wclgApplyColors
WCLGVoiceWaveView,-,dealloc,0x459e50,100,1,method.WCLGVoiceWaveView.dealloc
WCLGVoiceWaveView,-,wclgBarsArea,0x459eb4,108,1,method.WCLGVoiceWaveView.wclgBarsArea
WCLGVoiceWaveView,-,layoutSubviews,0x459f20,220,3,method.WCLGVoiceWaveView.layoutSubviews
WCLGVoiceWaveView,-,wclgLayoutBarsWithProvider:,0x45a004,520,9,method.WCLGVoiceWaveView.wclgLayoutBarsWithProvider:
WCLGVoiceWaveView,-,setStatus:,0x45a20c,40,3,method.WCLGVoiceWaveView.setStatus:
WCLGVoiceWaveView,-,setBaseColor:,0x45a234,80,1,method.WCLGVoiceWaveView.setBaseColor:
WCLGVoiceWaveView,-,setLockColor:,0x45a284,24,1,method.WCLGVoiceWaveView.setLockColor:
WCLGVoiceWaveView,-,startRecording,0x45a29c,540,5,method.WCLGVoiceWaveView.startRecording
WCLGVoiceWaveView,-,stopRecording,0x45a4b8,88,1,method.WCLGVoiceWaveView.stopRecording
WCLGVoiceWaveView,-,wclgTick:,0x45a510,608,5,method.WCLGVoiceWaveView.wclgTick:
WCLGVoiceWaveView,-,status,0x45a81c,16,1,method.WCLGVoiceWaveView.status
WCLGVoiceWaveView,-,baseColor,0x45a82c,16,1,method.WCLGVoiceWaveView.baseColor
WCLGVoiceWaveView,-,lockColor,0x45a83c,16,1,method.WCLGVoiceWaveView.lockColor
WCLGVoiceWaveView,-,bars,0x45a84c,16,1,method.WCLGVoiceWaveView.bars
WCLGVoiceWaveView,-,setBars:,0x45a85c,20,1,method.WCLGVoiceWaveView.setBars:
WCLGVoiceWaveView,-,timeLabel,0x45a870,16,1,method.WCLGVoiceWaveView.timeLabel
WCLGVoiceWaveView,-,setTimeLabel:,0x45a880,20,1,method.WCLGVoiceWaveView.setTimeLabel:
WCLGVoiceWaveView,-,link,0x45a894,16,1,method.WCLGVoiceWaveView.link
WCLGVoiceWaveView,-,setLink:,0x45a8a4,20,1,method.WCLGVoiceWaveView.setLink:
WCLGVoiceWaveView,-,startTime,0x45a8b8,16,1,method.WCLGVoiceWaveView.startTime
WCLGVoiceWaveView,-,setStartTime:,0x45a8c8,16,1,method.WCLGVoiceWaveView.setStartTime:
WCLGVoiceWaveView,-,lastWholeSecond,0x45a8d8,16,1,method.WCLGVoiceWaveView.lastWholeSecond
WCLGVoiceWaveView,-,setLastWholeSecond:,0x45a8e8,16,1,method.WCLGVoiceWaveView.setLastWholeSecond:
